{
  "type": "FeatureCollection",
  "features": [
    {
      "type": "Feature",
      "properties": {
        "id": 1,
        "TIPO": "TRAFO 1",
        "FOTO_P": "/3. MT_LA-NENA/P1.JPG",
        "FOTO_T": "/3. MT_LA-NENA/P1T.JPG",
        "CAPACIDAD": 500,
        "etiqueta": "TRAFO 1 1",
        "categoria": "MT"
      },
      "geometry": {
        "type": "MultiPoint",
        "coordinates": [
          [
            -74.28784101716599,
            4.783381000793413
          ]
        ]
      }
    },
    {
      "type": "Feature",
      "properties": {
        "id": 2,
        "TIPO": "POSTE",
        "FOTO_P": "/3. MT_LA-NENA/P2.JPG",
        "FOTO_T": null,
        "CAPACIDAD": null,
        "etiqueta": "POSTE 2",
        "categoria": "MT"
      },
      "geometry": {
        "type": "MultiPoint",
        "coordinates": [
          [
            -74.28798574411562,
            4.783598861069929
          ]
        ]
      }
    },
    {
      "type": "Feature",
      "properties": {
        "id": 3,
        "TIPO": "POSTE",
        "FOTO_P": "/3. MT_LA-NENA/P3.JPG",
        "FOTO_T": null,
        "CAPACIDAD": null,
        "etiqueta": "POSTE 3",
        "categoria": "MT"
      },
      "geometry": {
        "type": "MultiPoint",
        "coordinates": [
          [
            -74.28753069888201,
            4.784060522312863
          ]
        ]
      }
    },
    {
      "type": "Feature",
      "properties": {
        "id": 4,
        "TIPO": "POSTE",
        "FOTO_P": "/3. MT_LA-NENA/P4.JPG",
        "FOTO_T": null,
        "CAPACIDAD": null,
        "etiqueta": "POSTE 4",
        "categoria": "MT"
      },
      "geometry": {
        "type": "MultiPoint",
        "coordinates": [
          [
            -74.28711267411265,
            4.783652470204768
          ]
        ]
      }
    },
    {
      "type": "Feature",
      "properties": {
        "id": 5,
        "TIPO": "POSTE",
        "FOTO_P": "/3. MT_LA-NENA/P5.JPG",
        "FOTO_T": null,
        "CAPACIDAD": null,
        "etiqueta": "POSTE 5",
        "categoria": "MT"
      },
      "geometry": {
        "type": "MultiPoint",
        "coordinates": [
          [
            -74.28679121389207,
            4.783326729036941
          ]
        ]
      }
    },
    {
      "type": "Feature",
      "properties": {
        "id": 6,
        "TIPO": "POSTE",
        "FOTO_P": "/3. MT_LA-NENA/P6.JPG",
        "FOTO_T": null,
        "CAPACIDAD": null,
        "etiqueta": "POSTE 6",
        "categoria": "MT"
      },
      "geometry": {
        "type": "MultiPoint",
        "coordinates": [
          [
            -74.28625348736662,
            4.782733315009562
          ]
        ]
      }
    },
    {
      "type": "Feature",
      "properties": {
        "id": 7,
        "TIPO": "TRAFO 2",
        "FOTO_P": "/3. MT_LA-NENA/P7.JPG",
        "FOTO_T": "/3. MT_LA-NENA/P7T.JPG",
        "CAPACIDAD": null,
        "etiqueta": "TRAFO 2 7",
        "categoria": "MT"
      },
      "geometry": {
        "type": "MultiPoint",
        "coordinates": [
          [
            -74.28647164255233,
            4.782505899803531
          ]
        ]
      }
    },
    {
      "type": "Feature",
      "properties": {
        "id": 8,
        "TIPO": "POSTE",
        "FOTO_P": "/3. MT_LA-NENA/P8.JPG",
        "FOTO_T": null,
        "CAPACIDAD": null,
        "etiqueta": "POSTE 8",
        "categoria": "MT"
      },
      "geometry": {
        "type": "MultiPoint",
        "coordinates": [
          [
            -74.28591467956271,
            4.782491465065899
          ]
        ]
      }
    },
    {
      "type": "Feature",
      "properties": {
        "id": 9,
        "TIPO": "POSTE",
        "FOTO_P": "/3. MT_LA-NENA/P9.JPG",
        "FOTO_T": null,
        "CAPACIDAD": null,
        "etiqueta": "POSTE 9",
        "categoria": "MT"
      },
      "geometry": {
        "type": "MultiPoint",
        "coordinates": [
          [
            -74.28559779621877,
            4.782173764661309
          ]
        ]
      }
    },
    {
      "type": "Feature",
      "properties": {
        "id": 10,
        "TIPO": "POSTE",
        "FOTO_P": "/3. MT_LA-NENA/P10.JPG",
        "FOTO_T": null,
        "CAPACIDAD": null,
        "etiqueta": "POSTE 10",
        "categoria": "MT"
      },
      "geometry": {
        "type": "MultiPoint",
        "coordinates": [
          [
            -74.2852794149303,
            4.781854021605165
          ]
        ]
      }
    },
    {
      "type": "Feature",
      "properties": {
        "id": 11,
        "TIPO": "POSTE",
        "FOTO_P": "/3. MT_LA-NENA/P11.JPG",
        "FOTO_T": null,
        "CAPACIDAD": null,
        "etiqueta": "POSTE 11",
        "categoria": "MT"
      },
      "geometry": {
        "type": "MultiPoint",
        "coordinates": [
          [
            -74.28495831010642,
            4.781536593554112
          ]
        ]
      }
    },
    {
      "type": "Feature",
      "properties": {
        "id": 12,
        "TIPO": "TRAFO3",
        "FOTO_P": "/3. MT_LA-NENA/P12.JPG",
        "FOTO_T": "/3. MT_LA-NENA/P12T.jpg",
        "CAPACIDAD": 75,
        "etiqueta": "TRAFO3 12",
        "categoria": "MT"
      },
      "geometry": {
        "type": "MultiPoint",
        "coordinates": [
          [
            -74.2846907227532,
            4.781272138266621
          ]
        ]
      }
    },
    {
      "type": "Feature",
      "properties": {
        "id": 13,
        "TIPO": "POSTE",
        "FOTO_P": "/3. MT_LA-NENA/P13.JPG",
        "FOTO_T": null,
        "CAPACIDAD": null,
        "etiqueta": "POSTE 13",
        "categoria": "MT"
      },
      "geometry": {
        "type": "MultiPoint",
        "coordinates": [
          [
            -74.28454365184155,
            4.781147536521999
          ]
        ]
      }
    },
    {
      "type": "Feature",
      "properties": {
        "id": 14,
        "TIPO": "POSTE",
        "FOTO_P": "/3. MT_LA-NENA/P14.JPG",
        "FOTO_T": null,
        "CAPACIDAD": null,
        "etiqueta": "POSTE 14",
        "categoria": "MT"
      },
      "geometry": {
        "type": "MultiPoint",
        "coordinates": [
          [
            -74.28404252132766,
            4.781473271356028
          ]
        ]
      }
    },
    {
      "type": "Feature",
      "properties": {
        "id": 15,
        "TIPO": "TRAFO 4",
        "FOTO_P": "/3. MT_LA-NENA/P15.JPG",
        "FOTO_T": "/3. MT_LA-NENA/P15T.JPG",
        "CAPACIDAD": 150,
        "etiqueta": "TRAFO 4 15",
        "categoria": "MT"
      },
      "geometry": {
        "type": "MultiPoint",
        "coordinates": [
          [
            -74.28389218217349,
            4.781557428599935
          ]
        ]
      }
    },
    {
      "type": "Feature",
      "properties": {
        "id": 16,
        "TIPO": "POSTE",
        "FOTO_P": "/3. MT_LA-NENA/P16.JPG",
        "FOTO_T": null,
        "CAPACIDAD": null,
        "etiqueta": "POSTE 16",
        "categoria": "MT"
      },
      "geometry": {
        "type": "MultiPoint",
        "coordinates": [
          [
            -74.28364406809838,
            4.781652207631908
          ]
        ]
      }
    },
    {
      "type": "Feature",
      "properties": {
        "id": 17,
        "TIPO": "POSTE",
        "FOTO_P": "/3. MT_LA-NENA/P17.JPG",
        "FOTO_T": null,
        "CAPACIDAD": null,
        "etiqueta": "POSTE 17",
        "categoria": "MT"
      },
      "geometry": {
        "type": "MultiPoint",
        "coordinates": [
          [
            -74.2831456611199,
            4.782170087888517
          ]
        ]
      }
    },
    {
      "type": "Feature",
      "properties": {
        "id": 18,
        "TIPO": "POSTE",
        "FOTO_P": "/3. MT_LA-NENA/P18.JPG",
        "FOTO_T": null,
        "CAPACIDAD": null,
        "etiqueta": "POSTE 18",
        "categoria": "MT"
      },
      "geometry": {
        "type": "MultiPoint",
        "coordinates": [
          [
            -74.28263731323722,
            4.782684291372337
          ]
        ]
      }
    },
    {
      "type": "Feature",
      "properties": {
        "id": 19,
        "TIPO": "POSTE",
        "FOTO_P": "/3. MT_LA-NENA/P19.JPG",
        "FOTO_T": null,
        "CAPACIDAD": null,
        "etiqueta": "POSTE 19",
        "categoria": "MT"
      },
      "geometry": {
        "type": "MultiPoint",
        "coordinates": [
          [
            -74.28175529629739,
            4.78356726154952
          ]
        ]
      }
    },
    {
      "type": "Feature",
      "properties": {
        "id": 20,
        "TIPO": "POSTE",
        "FOTO_P": "/3. MT_LA-NENA/P20.JPG",
        "FOTO_T": null,
        "CAPACIDAD": null,
        "etiqueta": "POSTE 20",
        "categoria": "MT"
      },
      "geometry": {
        "type": "MultiPoint",
        "coordinates": [
          [
            -74.28151548900532,
            4.783323368954314
          ]
        ]
      }
    },
    {
      "type": "Feature",
      "properties": {
        "id": 21,
        "TIPO": "POSTE",
        "FOTO_P": "/3. MT_LA-NENA/P21.JPG",
        "FOTO_T": null,
        "CAPACIDAD": null,
        "etiqueta": "POSTE 21",
        "categoria": "MT"
      },
      "geometry": {
        "type": "MultiPoint",
        "coordinates": [
          [
            -74.28125157842494,
            4.783061909555762
          ]
        ]
      }
    },
    {
      "type": "Feature",
      "properties": {
        "id": 22,
        "TIPO": "TRAFO 5",
        "FOTO_P": "/3. MT_LA-NENA/P22.JPG",
        "FOTO_T": "/3. MT_LA-NENA/P22T.jpg",
        "CAPACIDAD": 75,
        "etiqueta": "TRAFO 5 22",
        "categoria": "MT"
      },
      "geometry": {
        "type": "MultiPoint",
        "coordinates": [
          [
            -74.28100057933052,
            4.782814415506768
          ]
        ]
      }
    },
    {
      "type": "Feature",
      "properties": {
        "id": 23,
        "TIPO": "POSTE",
        "FOTO_P": "/3. MT_LA-NENA/P23.JPG",
        "FOTO_T": null,
        "CAPACIDAD": null,
        "etiqueta": "POSTE 23",
        "categoria": "MT"
      },
      "geometry": {
        "type": "MultiPoint",
        "coordinates": [
          [
            -74.28161861965017,
            4.783707155222359
          ]
        ]
      }
    },
    {
      "type": "Feature",
      "properties": {
        "id": 24,
        "TIPO": "POSTE",
        "FOTO_P": "/3. MT_LA-NENA/P24.JPG",
        "FOTO_T": null,
        "CAPACIDAD": null,
        "etiqueta": "POSTE 24",
        "categoria": "MT"
      },
      "geometry": {
        "type": "MultiPoint",
        "coordinates": [
          [
            -74.28125155408183,
            4.784085150121344
          ]
        ]
      }
    },
    {
      "type": "Feature",
      "properties": {
        "id": 25,
        "TIPO": "POSTE",
        "FOTO_P": "/3. MT_LA-NENA/P25.JPG",
        "FOTO_T": null,
        "CAPACIDAD": null,
        "etiqueta": "POSTE 25",
        "categoria": "MT"
      },
      "geometry": {
        "type": "MultiPoint",
        "coordinates": [
          [
            -74.28168099680558,
            4.784538050920625
          ]
        ]
      }
    },
    {
      "type": "Feature",
      "properties": {
        "id": 26,
        "TIPO": "TRAFO 6",
        "FOTO_P": "/3. MT_LA-NENA/P26.JPG",
        "FOTO_T": "/3. MT_LA-NENA/P26T.jpg",
        "CAPACIDAD": 75,
        "etiqueta": "TRAFO 6 26",
        "categoria": "MT"
      },
      "geometry": {
        "type": "MultiPoint",
        "coordinates": [
          [
            -74.28165460647067,
            4.78461195718702
          ]
        ]
      }
    },
    {
      "type": "Feature",
      "properties": {
        "id": 27,
        "TIPO": "TRAFO 7",
        "FOTO_P": "/3. MT_LA-NENA/P27.JPG",
        "FOTO_T": "/3. MT_LA-NENA/P27T.JPG",
        "CAPACIDAD": 150,
        "etiqueta": "TRAFO 7 27",
        "categoria": "MT"
      },
      "geometry": {
        "type": "MultiPoint",
        "coordinates": [
          [
            -74.28179335565608,
            4.784545848065052
          ]
        ]
      }
    },
    {
      "type": "Feature",
      "properties": {
        "id": 28,
        "TIPO": "POSTE",
        "FOTO_P": "/3. MT_LA-NENA/P28.JPG",
        "FOTO_T": null,
        "CAPACIDAD": null,
        "etiqueta": "POSTE 28",
        "categoria": "MT"
      },
      "geometry": {
        "type": "MultiPoint",
        "coordinates": [
          [
            -74.28221340113457,
            4.784510194629009
          ]
        ]
      }
    },
    {
      "type": "Feature",
      "properties": {
        "id": 29,
        "TIPO": "POSTE",
        "FOTO_P": "/3. MT_LA-NENA/P29.JPG",
        "FOTO_T": null,
        "CAPACIDAD": null,
        "etiqueta": "POSTE 29",
        "categoria": "MT"
      },
      "geometry": {
        "type": "MultiPoint",
        "coordinates": [
          [
            -74.2824682673513,
            4.78458636596624
          ]
        ]
      }
    },
    {
      "type": "Feature",
      "properties": {
        "id": 30,
        "TIPO": "POSTE",
        "FOTO_P": "/3. MT_LA-NENA/P30.JPG",
        "FOTO_T": null,
        "CAPACIDAD": null,
        "etiqueta": "POSTE 30",
        "categoria": "MT"
      },
      "geometry": {
        "type": "MultiPoint",
        "coordinates": [
          [
            -74.28301531604599,
            4.785111486548664
          ]
        ]
      }
    },
    {
      "type": "Feature",
      "properties": {
        "id": 31,
        "TIPO": "POSTE",
        "FOTO_P": "/3. MT_LA-NENA/P31.JPG",
        "FOTO_T": null,
        "CAPACIDAD": null,
        "etiqueta": "POSTE 31",
        "categoria": "MT"
      },
      "geometry": {
        "type": "MultiPoint",
        "coordinates": [
          [
            -74.28338290045369,
            4.785259405130304
          ]
        ]
      }
    },
    {
      "type": "Feature",
      "properties": {
        "id": 32,
        "TIPO": "POSTE",
        "FOTO_P": "/3. MT_LA-NENA/P32.JPG",
        "FOTO_T": null,
        "CAPACIDAD": null,
        "etiqueta": "POSTE 32",
        "categoria": "MT"
      },
      "geometry": {
        "type": "MultiPoint",
        "coordinates": [
          [
            -74.28414124766844,
            4.786013328252215
          ]
        ]
      }
    },
    {
      "type": "Feature",
      "properties": {
        "id": 33,
        "TIPO": "POSTE",
        "FOTO_P": "/3. MT_LA-NENA/P33.JPG",
        "FOTO_T": null,
        "CAPACIDAD": null,
        "etiqueta": "POSTE 33",
        "categoria": "MT"
      },
      "geometry": {
        "type": "MultiPoint",
        "coordinates": [
          [
            -74.28473359522657,
            4.786605964338098
          ]
        ]
      }
    },
    {
      "type": "Feature",
      "properties": {
        "id": 34,
        "TIPO": "POSTE",
        "FOTO_P": "/3. MT_LA-NENA/P34.JPG",
        "FOTO_T": null,
        "CAPACIDAD": null,
        "etiqueta": "POSTE 34",
        "categoria": "MT"
      },
      "geometry": {
        "type": "MultiPoint",
        "coordinates": [
          [
            -74.28540230647386,
            4.787271982659218
          ]
        ]
      }
    },
    {
      "type": "Feature",
      "properties": {
        "id": 35,
        "TIPO": "POSTE",
        "FOTO_P": "/3. MT_LA-NENA/P35.JPG",
        "FOTO_T": null,
        "CAPACIDAD": null,
        "etiqueta": "POSTE 35",
        "categoria": "MT"
      },
      "geometry": {
        "type": "MultiPoint",
        "coordinates": [
          [
            -74.28613035827037,
            4.787949638267967
          ]
        ]
      }
    },
    {
      "type": "Feature",
      "properties": {
        "id": 36,
        "TIPO": "POSTE",
        "FOTO_P": "/3. MT_LA-NENA/P36.jpg",
        "FOTO_T": null,
        "CAPACIDAD": null,
        "etiqueta": "POSTE 36",
        "categoria": "MT"
      },
      "geometry": {
        "type": "MultiPoint",
        "coordinates": [
          [
            -74.28677512171075,
            4.788232203152795
          ]
        ]
      }
    },
    {
      "type": "Feature",
      "properties": {
        "id": 37,
        "TIPO": "POSTE",
        "FOTO_P": "/3. MT_LA-NENA/P37.jpg",
        "FOTO_T": null,
        "CAPACIDAD": null,
        "etiqueta": "POSTE 37",
        "categoria": "MT"
      },
      "geometry": {
        "type": "MultiPoint",
        "coordinates": [
          [
            -74.28704018257616,
            4.788067549959184
          ]
        ]
      }
    },
    {
      "type": "Feature",
      "properties": {
        "id": 38,
        "TIPO": "POSTE",
        "FOTO_P": "/3. MT_LA-NENA/P38.jpg",
        "FOTO_T": null,
        "CAPACIDAD": null,
        "etiqueta": "POSTE 38",
        "categoria": "MT"
      },
      "geometry": {
        "type": "MultiPoint",
        "coordinates": [
          [
            -74.28745046909722,
            4.788377428808373
          ]
        ]
      }
    },
    {
      "type": "Feature",
      "properties": {
        "id": 39,
        "TIPO": "POSTE",
        "FOTO_P": "/3. MT_LA-NENA/P39.jpg",
        "FOTO_T": null,
        "CAPACIDAD": null,
        "etiqueta": "POSTE 39",
        "categoria": "MT"
      },
      "geometry": {
        "type": "MultiPoint",
        "coordinates": [
          [
            -74.28784815657127,
            4.788677497712615
          ]
        ]
      }
    },
    {
      "type": "Feature",
      "properties": {
        "id": 40,
        "TIPO": "POSTE",
        "FOTO_P": "/3. MT_LA-NENA/P40.jpg",
        "FOTO_T": null,
        "CAPACIDAD": null,
        "etiqueta": "POSTE 40",
        "categoria": "MT"
      },
      "geometry": {
        "type": "MultiPoint",
        "coordinates": [
          [
            -74.28754558709284,
            4.787836439197359
          ]
        ]
      }
    },
    {
      "type": "Feature",
      "properties": {
        "id": 41,
        "TIPO": "POSTE",
        "FOTO_P": "/3. MT_LA-NENA/P41.jpg",
        "FOTO_T": null,
        "CAPACIDAD": null,
        "etiqueta": "POSTE 41",
        "categoria": "MT"
      },
      "geometry": {
        "type": "MultiPoint",
        "coordinates": [
          [
            -74.28761771904098,
            4.787376814423843
          ]
        ]
      }
    },
    {
      "type": "Feature",
      "properties": {
        "id": 42,
        "TIPO": "POSTE",
        "FOTO_P": "/3. MT_LA-NENA/P42.jpg",
        "FOTO_T": null,
        "CAPACIDAD": 0,
        "etiqueta": "POSTE 42",
        "categoria": "MT"
      },
      "geometry": {
        "type": "MultiPoint",
        "coordinates": [
          [
            -74.28705943080247,
            4.786821670457946
          ]
        ]
      }
    },
    {
      "type": "Feature",
      "properties": {
        "id": 43,
        "TIPO": "POSTE",
        "FOTO_P": "/3. MT_LA-NENA/P43.jpg",
        "FOTO_T": null,
        "CAPACIDAD": 0,
        "etiqueta": "POSTE 43",
        "categoria": "MT"
      },
      "geometry": {
        "type": "MultiPoint",
        "coordinates": [
          [
            -74.28651974689043,
            4.78627609683058
          ]
        ]
      }
    },
    {
      "type": "Feature",
      "properties": {
        "id": 44,
        "TIPO": "POSTE",
        "FOTO_P": "/3. MT_LA-NENA/P44.jpg",
        "FOTO_T": null,
        "CAPACIDAD": 0,
        "etiqueta": "POSTE 44",
        "categoria": "MT"
      },
      "geometry": {
        "type": "MultiPoint",
        "coordinates": [
          [
            -74.28600475845124,
            4.785767928061757
          ]
        ]
      }
    },
    {
      "type": "Feature",
      "properties": {
        "id": 45,
        "TIPO": "POSTE",
        "FOTO_P": "/3. MT_LA-NENA/P45.jpg",
        "FOTO_T": null,
        "CAPACIDAD": 0,
        "etiqueta": "POSTE 45",
        "categoria": "MT"
      },
      "geometry": {
        "type": "MultiPoint",
        "coordinates": [
          [
            -74.28644194065149,
            4.78532433950451
          ]
        ]
      }
    },
    {
      "type": "Feature",
      "properties": {
        "id": 46,
        "TIPO": "TRAFO 8",
        "FOTO_P": "/3. MT_LA-NENA/P46.jpg",
        "FOTO_T": null,
        "CAPACIDAD": 1,
        "etiqueta": "TRAFO 8 46",
        "categoria": "MT"
      },
      "geometry": {
        "type": "MultiPoint",
        "coordinates": [
          [
            -74.28682363553398,
            4.784932518444856
          ]
        ]
      }
    },
    {
      "type": "Feature",
      "properties": {
        "id": 47,
        "TIPO": "POSTE",
        "FOTO_P": "/3. MT_LA-NENA/P47.jpg",
        "FOTO_T": null,
        "CAPACIDAD": -9223372036854776000,
        "etiqueta": "POSTE 47",
        "categoria": "MT"
      },
      "geometry": {
        "type": "MultiPoint",
        "coordinates": [
          [
            -74.28725420472054,
            4.78451031885368
          ]
        ]
      }
    },
    {
      "type": "Feature",
      "properties": {
        "id": 48,
        "TIPO": "POSTE",
        "FOTO_P": "/3. MT_LA-NENA/P48.jpg",
        "FOTO_T": null,
        "CAPACIDAD": -9223372036854776000,
        "etiqueta": "POSTE 48",
        "categoria": "MT"
      },
      "geometry": {
        "type": "MultiPoint",
        "coordinates": [
          [
            -74.28754579729184,
            4.784213973178814
          ]
        ]
      }
    },
    {
      "type": "Feature",
      "properties": {
        "id": 49,
        "TIPO": "POSTE",
        "FOTO_P": "/3. MT_LA-NENA/P48.jpg",
        "FOTO_T": null,
        "CAPACIDAD": 0,
        "etiqueta": "POSTE 49",
        "categoria": "MT"
      },
      "geometry": {
        "type": "MultiPoint",
        "coordinates": [
          [
            -74.2877033730081,
            4.784041518181828
          ]
        ]
      }
    },
    {
      "type": "Feature",
      "properties": {
        "id": 50,
        "TIPO": "POSTE",
        "FOTO_P": "/3. MT_LA-NENA/P50.jpg",
        "FOTO_T": null,
        "CAPACIDAD": -9223372036854776000,
        "etiqueta": "POSTE 50",
        "categoria": "MT"
      },
      "geometry": {
        "type": "MultiPoint",
        "coordinates": [
          [
            -74.28806584881963,
            4.783699398053006
          ]
        ]
      }
    },
    {
      "type": "Feature",
      "properties": {
        "id": 51,
        "TIPO": "POSTE",
        "FOTO_P": "/3. MT_LA-NENA/P51.jpg",
        "FOTO_T": null,
        "CAPACIDAD": -9223372036854776000,
        "etiqueta": "POSTE 51",
        "categoria": "MT"
      },
      "geometry": {
        "type": "MultiPoint",
        "coordinates": [
          [
            -74.28844093068844,
            4.78331956308062
          ]
        ]
      }
    },
    {
      "type": "Feature",
      "properties": {
        "id": 52,
        "TIPO": "POSTE",
        "FOTO_P": "/3. MT_LA-NENA/P52.jpg",
        "FOTO_T": null,
        "CAPACIDAD": -9223372036854776000,
        "etiqueta": "POSTE 52",
        "categoria": "MT"
      },
      "geometry": {
        "type": "MultiPoint",
        "coordinates": [
          [
            -74.28888276266393,
            4.782868638211335
          ]
        ]
      }
    },
    {
      "type": "Feature",
      "properties": {
        "id": 53,
        "TIPO": "POSTE",
        "FOTO_P": "/3. MT_LA-NENA/P53.jpg",
        "FOTO_T": null,
        "CAPACIDAD": -9223372036854776000,
        "etiqueta": "POSTE 53",
        "categoria": "MT"
      },
      "geometry": {
        "type": "MultiPoint",
        "coordinates": [
          [
            -74.28938638498583,
            4.782367495769531
          ]
        ]
      }
    },
    {
      "type": "Feature",
      "properties": {
        "id": 54,
        "TIPO": "POSTE",
        "FOTO_P": "/3. MT_LA-NENA/P54.jpg",
        "FOTO_T": null,
        "CAPACIDAD": -9223372036854776000,
        "etiqueta": "POSTE 54",
        "categoria": "MT"
      },
      "geometry": {
        "type": "MultiPoint",
        "coordinates": [
          [
            -74.28989538038137,
            4.781843414436576
          ]
        ]
      }
    },
    {
      "type": "Feature",
      "properties": {
        "id": 55,
        "TIPO": "POSTE",
        "FOTO_P": "/3. MT_LA-NENA/P55.jpg",
        "FOTO_T": null,
        "CAPACIDAD": -9223372036854776000,
        "etiqueta": "POSTE 55",
        "categoria": "MT"
      },
      "geometry": {
        "type": "MultiPoint",
        "coordinates": [
          [
            -74.2901374270144,
            4.781603899347898
          ]
        ]
      }
    },
    {
      "type": "Feature",
      "properties": {
        "id": 56,
        "TIPO": "POSTE",
        "FOTO_P": "/3. MT_LA-NENA/P56.jpg",
        "FOTO_T": null,
        "CAPACIDAD": -9223372036854776000,
        "etiqueta": "POSTE 56",
        "categoria": "MT"
      },
      "geometry": {
        "type": "MultiPoint",
        "coordinates": [
          [
            -74.29004453483806,
            4.781436714096182
          ]
        ]
      }
    },
    {
      "type": "Feature",
      "properties": {
        "id": 57,
        "TIPO": "POSTE",
        "FOTO_P": "/3. MT_LA-NENA/P57.jpg",
        "FOTO_T": null,
        "CAPACIDAD": -9223372036854776000,
        "etiqueta": "POSTE 57",
        "categoria": "MT"
      },
      "geometry": {
        "type": "MultiPoint",
        "coordinates": [
          [
            -74.28969321848713,
            4.78108911756541
          ]
        ]
      }
    },
    {
      "type": "Feature",
      "properties": {
        "id": 58,
        "TIPO": "POSTE",
        "FOTO_P": "/3. MT_LA-NENA/P58.jpg",
        "FOTO_T": null,
        "CAPACIDAD": -9223372036854776000,
        "etiqueta": "POSTE 58",
        "categoria": "MT"
      },
      "geometry": {
        "type": "MultiPoint",
        "coordinates": [
          [
            -74.28929416444377,
            4.780689443552029
          ]
        ]
      }
    },
    {
      "type": "Feature",
      "properties": {
        "id": 59,
        "TIPO": "POSTE",
        "FOTO_P": "/3. MT_LA-NENA/P59.jpg",
        "FOTO_T": null,
        "CAPACIDAD": -9223372036854776000,
        "etiqueta": "POSTE 59",
        "categoria": "MT"
      },
      "geometry": {
        "type": "MultiPoint",
        "coordinates": [
          [
            -74.28894842782313,
            4.780341847021258
          ]
        ]
      }
    },
    {
      "type": "Feature",
      "properties": {
        "id": 60,
        "TIPO": "POSTE",
        "FOTO_P": "/3. MT_LA-NENA/P60.jpg",
        "FOTO_T": null,
        "CAPACIDAD": -9223372036854776000,
        "etiqueta": "POSTE 60",
        "categoria": "MT"
      },
      "geometry": {
        "type": "MultiPoint",
        "coordinates": [
          [
            -74.2885881219067,
            4.779976374687926
          ]
        ]
      }
    },
    {
      "type": "Feature",
      "properties": {
        "id": 61,
        "TIPO": "TRAFO 9",
        "FOTO_P": "/3. MT_LA-NENA/P61.jpg",
        "FOTO_T": null,
        "CAPACIDAD": 1,
        "etiqueta": "TRAFO 9 61",
        "categoria": "MT"
      },
      "geometry": {
        "type": "MultiPoint",
        "coordinates": [
          [
            -74.28822409617013,
            4.779615448801486
          ]
        ]
      }
    },
    {
      "type": "Feature",
      "properties": {
        "id": 62,
        "TIPO": "POSTE",
        "FOTO_P": "/3. MT_LA-NENA/P62.jpg",
        "FOTO_T": null,
        "CAPACIDAD": null,
        "etiqueta": "POSTE 62",
        "categoria": "MT"
      },
      "geometry": {
        "type": "MultiPoint",
        "coordinates": [
          [
            -74.29046198132583,
            4.78126591235262
          ]
        ]
      }
    },
    {
      "type": "Feature",
      "properties": {
        "id": 63,
        "TIPO": "POSTE",
        "FOTO_P": "/3. MT_LA-NENA/P63.jpg",
        "FOTO_T": null,
        "CAPACIDAD": null,
        "etiqueta": "POSTE 63",
        "categoria": "MT"
      },
      "geometry": {
        "type": "MultiPoint",
        "coordinates": [
          [
            -74.2909789846676,
            4.780748754018347
          ]
        ]
      }
    },
    {
      "type": "Feature",
      "properties": {
        "id": 64,
        "TIPO": "POSTE",
        "FOTO_P": "/3. MT_LA-NENA/P64.jpg",
        "FOTO_T": null,
        "CAPACIDAD": null,
        "etiqueta": "POSTE 64",
        "categoria": "MT"
      },
      "geometry": {
        "type": "MultiPoint",
        "coordinates": [
          [
            -74.2914930431517,
            4.780237382071029
          ]
        ]
      }
    },
    {
      "type": "Feature",
      "properties": {
        "id": 65,
        "TIPO": "POSTE",
        "FOTO_P": "/3. MT_LA-NENA/P65.jpg",
        "FOTO_T": null,
        "CAPACIDAD": null,
        "etiqueta": "POSTE 65",
        "categoria": "MT"
      },
      "geometry": {
        "type": "MultiPoint",
        "coordinates": [
          [
            -74.29200172856223,
            4.779740062777748
          ]
        ]
      }
    },
    {
      "type": "Feature",
      "properties": {
        "id": 66,
        "TIPO": "POSTE",
        "FOTO_P": "/3. MT_LA-NENA/P66.jpg",
        "FOTO_T": null,
        "CAPACIDAD": null,
        "etiqueta": "POSTE 66",
        "categoria": "MT"
      },
      "geometry": {
        "type": "MultiPoint",
        "coordinates": [
          [
            -74.29236358440373,
            4.779376966996201
          ]
        ]
      }
    },
    {
      "type": "Feature",
      "properties": {
        "id": 1,
        "categoria": "MTL"
      },
      "geometry": {
        "type": "MultiLineString",
        "coordinates": [
          [
            [
              -74.28784108385108,
              4.783381017609928
            ],
            [
              -74.28798517521912,
              4.783598833747519
            ],
            [
              -74.28753053052968,
              4.784061331390718
            ],
            [
              -74.28711267072873,
              4.783652977796901
            ],
            [
              -74.28679069962591,
              4.783326873560544
            ],
            [
              -74.28625545883243,
              4.782732942270751
            ],
            [
              -74.28591488862865,
              4.782491567271977
            ],
            [
              -74.28559746397275,
              4.782173315989348
            ],
            [
              -74.28528003931687,
              4.781853824766656
            ],
            [
              -74.28495830070281,
              4.781536580935327
            ],
            [
              -74.2846907836344,
              4.781272137884982
            ],
            [
              -74.28454364408036,
              4.781147523908732
            ],
            [
              -74.28404244997436,
              4.781473188999652
            ],
            [
              -74.2838926238835,
              4.781557504923881
            ],
            [
              -74.28364401590102,
              4.781652153681961
            ],
            [
              -74.28314555999603,
              4.782169828657928
            ],
            [
              -74.28263718457048,
              4.78268481709709
            ]
          ]
        ]
      }
    },
    {
      "type": "Feature",
      "properties": {
        "id": 2,
        "categoria": "MTL"
      },
      "geometry": {
        "type": "MultiLineString",
        "coordinates": [
          [
            [
              -74.28625545883243,
              4.782732942270751
            ],
            [
              -74.28647190586955,
              4.78250595574312
            ]
          ]
        ]
      }
    },
    {
      "type": "Feature",
      "properties": {
        "id": 3,
        "categoria": "MTL"
      },
      "geometry": {
        "type": "MultiLineString",
        "coordinates": [
          [
            [
              -74.28175538052962,
              4.783567344436357
            ],
            [
              -74.28151607209759,
              4.783323902870813
            ],
            [
              -74.28125155155101,
              4.783063928771106
            ],
            [
              -74.28100025703174,
              4.782815114131958
            ]
          ]
        ]
      }
    },
    {
      "type": "Feature",
      "properties": {
        "id": 4,
        "categoria": "MTL"
      },
      "geometry": {
        "type": "MultiLineString",
        "coordinates": [
          [
            [
              -74.28175538052962,
              4.783567344436357
            ],
            [
              -74.28161857380942,
              4.783707044350034
            ],
            [
              -74.28125144822266,
              4.784085122740663
            ],
            [
              -74.2816809841259,
              4.78453811417672
            ],
            [
              -74.28179319870152,
              4.784545967130447
            ],
            [
              -74.2822137450393,
              4.784508975585259
            ],
            [
              -74.28246813940869,
              4.784586368510809
            ],
            [
              -74.28301515963282,
              4.785111586455489
            ],
            [
              -74.28338290518957,
              4.785259552636245
            ],
            [
              -74.28414133519429,
              4.786013436194062
            ],
            [
              -74.28473361323067,
              4.786606127543791
            ],
            [
              -74.28540235423758,
              4.787271975357193
            ],
            [
              -74.28613019905409,
              4.787949395944506
            ],
            [
              -74.28677538119979,
              4.788232928905396
            ],
            [
              -74.28704010840309,
              4.78806760356377
            ],
            [
              -74.2874505285637,
              4.788378415206028
            ],
            [
              -74.28784854932367,
              4.78867765407437
            ],
            [
              -74.28816349409946,
              4.788931841787123
            ]
          ]
        ]
      }
    },
    {
      "type": "Feature",
      "properties": {
        "id": 6,
        "categoria": "MTL"
      },
      "geometry": {
        "type": "MultiLineString",
        "coordinates": []
      }
    },
    {
      "type": "Feature",
      "properties": {
        "id": 7,
        "categoria": "MTL"
      },
      "geometry": {
        "type": "MultiLineString",
        "coordinates": [
          [
            [
              -74.2874505285637,
              4.788378415206028
            ],
            [
              -74.28754590062017,
              4.787835631443813
            ],
            [
              -74.28762195027733,
              4.787376026994093
            ],
            [
              -74.28706315062263,
              4.786820533846229
            ],
            [
              -74.28652419000893,
              4.786274960218863
            ],
            [
              -74.28600424180951,
              4.785767411420071
            ],
            [
              -74.28644152733814,
              4.78532309956445
            ],
            [
              -74.28682342887731,
              4.784931278504796
            ],
            [
              -74.28725410139222,
              4.784510112197005
            ],
            [
              -74.28754590062023,
              4.78421376652214
            ],
            [
              -74.28770378632149,
              4.784041828166849
            ],
            [
              -74.28806590048382,
              4.783699398053006
            ],
            [
              -74.28844118900935,
              4.783319769737297
            ],
            [
              -74.28888240101479,
              4.782868844868012
            ],
            [
              -74.28938581668002,
              4.782367909082886
            ],
            [
              -74.28989532871732,
              4.781843414436572
            ],
            [
              -74.29013742701449,
              4.781604106004568
            ],
            [
              -74.29004443150981,
              4.781437334066203
            ],
            [
              -74.28969394178554,
              4.781089737535433
            ],
            [
              -74.28929406111547,
              4.780689443552022
            ],
            [
              -74.28894956443486,
              4.780341847021252
            ],
            [
              -74.2885881219067,
              4.77997647801626
            ],
            [
              -74.28822388951345,
              4.779615345473148
            ]
          ]
        ]
      }
    },
    {
      "type": "Feature",
      "properties": {
        "id": 5,
        "categoria": "MTL"
      },
      "geometry": {
        "type": "MultiLineString",
        "coordinates": [
          [
            [
              -74.29013742701449,
              4.781604106004568
            ],
            [
              -74.29046182633336,
              4.781266015680955
            ],
            [
              -74.29097908799595,
              4.780748857346678
            ],
            [
              -74.29149304315173,
              4.780237588727702
            ],
            [
              -74.29200183189057,
              4.779740166106087
            ],
            [
              -74.29236348107541,
              4.779377070324538
            ]
          ]
        ]
      }
    },
    {
      "type": "Feature",
      "properties": {
        "id": 1,
        "AREA": 1.188620481931039,
        "etiqueta": "BLOQUE 1\n1.189 Ha",
        "categoria": "REC-HIDRICO"
      },
      "geometry": {
        "type": "MultiPolygon",
        "coordinates": [
          [
            [
              [
                -74.29100811512676,
                4.777989496686482
              ],
              [
                -74.29083846220868,
                4.778074780677688
              ],
              [
                -74.29072133398041,
                4.778129684534688
              ],
              [
                -74.29018968163177,
                4.778382242276888
              ],
              [
                -74.28994664055811,
                4.778500468582295
              ],
              [
                -74.28979675302848,
                4.778573673724962
              ],
              [
                -74.28971933859015,
                4.778609727257725
              ],
              [
                -74.28959470683473,
                4.778670853551851
              ],
              [
                -74.28948618021074,
                4.778724293305998
              ],
              [
                -74.28938350999815,
                4.778771876648731
              ],
              [
                -74.28918878431867,
                4.778869788527047
              ],
              [
                -74.28912710898598,
                4.7788987045584
              ],
              [
                -74.28900028107631,
                4.778962210019664
              ],
              [
                -74.28883703360816,
                4.779041088560888
              ],
              [
                -74.28860350920306,
                4.779152726403454
              ],
              [
                -74.28815860494849,
                4.779365204330044
              ],
              [
                -74.28801969819027,
                4.779433834151294
              ],
              [
                -74.28773273403098,
                4.779572374883791
              ],
              [
                -74.28762768465128,
                4.779624533547939
              ],
              [
                -74.28758248047568,
                4.779642285795036
              ],
              [
                -74.2875663753443,
                4.77964759316788
              ],
              [
                -74.28754551187863,
                4.77964484797503
              ],
              [
                -74.2875283086701,
                4.779633135152203
              ],
              [
                -74.28749628142019,
                4.779608794442266
              ],
              [
                -74.2874827384688,
                4.779585734822327
              ],
              [
                -74.28745492051459,
                4.77952625564391
              ],
              [
                -74.28744210961463,
                4.779506124229678
              ],
              [
                -74.28743332499751,
                4.779468423581204
              ],
              [
                -74.28743186089466,
                4.779446462038404
              ],
              [
                -74.28743332499751,
                4.779434017164151
              ],
              [
                -74.28745638461746,
                4.779420474212757
              ],
              [
                -74.2874856666745,
                4.77940876138993
              ],
              [
                -74.28751751091156,
                4.77939338830997
              ],
              [
                -74.28757680707712,
                4.77936703445861
              ],
              [
                -74.28766062696548,
                4.779325673553003
              ],
              [
                -74.28776604237093,
                4.779277724184557
              ],
              [
                -74.28792050522196,
                4.779205983144744
              ],
              [
                -74.28807570012441,
                4.779130947873512
              ],
              [
                -74.28819831873838,
                4.779073847862231
              ],
              [
                -74.28837840338933,
                4.778984537588178
              ],
              [
                -74.28849150533475,
                4.778929633731178
              ],
              [
                -74.2885753252231,
                4.778891201031278
              ],
              [
                -74.28874442910266,
                4.778807015117211
              ],
              [
                -74.28886155733093,
                4.778753209337351
              ],
              [
                -74.28904896249615,
                4.778663899063297
              ],
              [
                -74.28918292790723,
                4.778595818280617
              ],
              [
                -74.28944866257511,
                4.778467709280951
              ],
              [
                -74.28949697796926,
                4.778446113763864
              ],
              [
                -74.28972665910439,
                4.778334475921297
              ],
              [
                -74.2898284142527,
                4.778281402192864
              ],
              [
                -74.28999275979798,
                4.778199412433077
              ],
              [
                -74.29013733995475,
                4.77812620729041
              ],
              [
                -74.2902896066515,
                4.778051538044892
              ],
              [
                -74.29044150732254,
                4.77798345726221
              ],
              [
                -74.29057474068219,
                4.777919036736663
              ],
              [
                -74.2906380631306,
                4.77788792455103
              ],
              [
                -74.29078300931307,
                4.77781984376835
              ],
              [
                -74.29086737824,
                4.777782143119878
              ],
              [
                -74.2908935490785,
                4.777777384785605
              ],
              [
                -74.29090050356706,
                4.777779214914172
              ],
              [
                -74.29090672600418,
                4.777783058184162
              ],
              [
                -74.2909113013256,
                4.777787816518435
              ],
              [
                -74.29092667440555,
                4.777803921649822
              ],
              [
                -74.29094332857551,
                4.777821856909775
              ],
              [
                -74.29095540742405,
                4.777837962041162
              ],
              [
                -74.29100170967678,
                4.777896709168152
              ],
              [
                -74.29101964493671,
                4.777922330968086
              ],
              [
                -74.29102513532241,
                4.777948318793733
              ],
              [
                -74.29102412875172,
                4.777965155976545
              ],
              [
                -74.29102339670028,
                4.777971561426529
              ],
              [
                -74.29101882137887,
                4.77797860742151
              ],
              [
                -74.29101278195459,
                4.777985927935777
              ],
              [
                -74.29100811512676,
                4.777989496686482
              ]
            ]
          ]
        ]
      }
    },
    {
      "type": "Feature",
      "properties": {
        "id": 2,
        "AREA": 1.4497843493879154,
        "etiqueta": "BLOQUE 2\n1.45 Ha",
        "categoria": "REC-HIDRICO"
      },
      "geometry": {
        "type": "MultiPolygon",
        "coordinates": [
          [
            [
              [
                -74.2874236569952,
                4.779708780551598
              ],
              [
                -74.28733638965373,
                4.779751592186773
              ],
              [
                -74.28726080570947,
                4.779789899684511
              ],
              [
                -74.28710382242123,
                4.779862777834549
              ],
              [
                -74.28685212722047,
                4.779986651938472
              ],
              [
                -74.28654399857442,
                4.78014023668376
              ],
              [
                -74.2861251220396,
                4.780339972917083
              ],
              [
                -74.28591035977077,
                4.780441938600972
              ],
              [
                -74.28555401407603,
                4.780612839789448
              ],
              [
                -74.28493167695297,
                4.7809182522842
              ],
              [
                -74.28463972165187,
                4.781060635899304
              ],
              [
                -74.28423414493047,
                4.781254765206686
              ],
              [
                -74.28381663590658,
                4.781462258035708
              ],
              [
                -74.2834350439939,
                4.781639007368422
              ],
              [
                -74.28312401817692,
                4.781795484752029
              ],
              [
                -74.28291459472806,
                4.781903820506026
              ],
              [
                -74.28283626566179,
                4.781938345234999
              ],
              [
                -74.28281512005931,
                4.781937205110467
              ],
              [
                -74.28279445241128,
                4.781924570919062
              ],
              [
                -74.28274922550322,
                4.781871256221178
              ],
              [
                -74.28272257258837,
                4.781807872393861
              ],
              [
                -74.28268436971942,
                4.781765795869406
              ],
              [
                -74.28267794549576,
                4.781747753189264
              ],
              [
                -74.28268188695696,
                4.781742910428253
              ],
              [
                -74.28270704691343,
                4.781727969691493
              ],
              [
                -74.28275328505345,
                4.781709817335991
              ],
              [
                -74.28282374104552,
                4.781681915621428
              ],
              [
                -74.2829683019389,
                4.781615243800265
              ],
              [
                -74.28345452927525,
                4.781390035106445
              ],
              [
                -74.28404034998306,
                4.781100470041144
              ],
              [
                -74.28491382827063,
                4.780677645531123
              ],
              [
                -74.28599472959783,
                4.780145267605111
              ],
              [
                -74.28656065347602,
                4.779864979834014
              ],
              [
                -74.286841181181,
                4.779726006374037
              ],
              [
                -74.28705298991096,
                4.779622473263385
              ],
              [
                -74.28722687218624,
                4.779545835889454
              ],
              [
                -74.28731211091858,
                4.779515211936449
              ],
              [
                -74.28733945552491,
                4.779513906452004
              ],
              [
                -74.28734845398648,
                4.779517806901657
              ],
              [
                -74.28736973939664,
                4.779532127476764
              ],
              [
                -74.28743171979661,
                4.779693096589773
              ],
              [
                -74.28743119848069,
                4.779701999008886
              ],
              [
                -74.2874236569952,
                4.779708780551598
              ]
            ]
          ]
        ]
      }
    },
    {
      "type": "Feature",
      "properties": {
        "id": 3,
        "AREA": 1.0787212943638194,
        "etiqueta": "BLOQUE 3\n1.079 Ha",
        "categoria": "REC-HIDRICO"
      },
      "geometry": {
        "type": "MultiPolygon",
        "coordinates": [
          [
            [
              [
                -74.28026780172512,
                4.78335955255175
              ],
              [
                -74.2802490940421,
                4.783344575114546
              ],
              [
                -74.2802159106227,
                4.783337256955721
              ],
              [
                -74.28014292015415,
                4.783259064917503
              ],
              [
                -74.28008080079204,
                4.783161188020979
              ],
              [
                -74.28003560165095,
                4.783096428811355
              ],
              [
                -74.2799601478361,
                4.782981462808131
              ],
              [
                -74.27987021112496,
                4.782794092192741
              ],
              [
                -74.27978660176149,
                4.782621963367208
              ],
              [
                -74.27978843590626,
                4.782609688235306
              ],
              [
                -74.27978334232102,
                4.782578551924268
              ],
              [
                -74.27979043380674,
                4.78256179966222
              ],
              [
                -74.27980023437459,
                4.782543541164357
              ],
              [
                -74.27982058161115,
                4.782534207734087
              ],
              [
                -74.27988498894723,
                4.782539998585322
              ],
              [
                -74.28002146548812,
                4.78251611017521
              ],
              [
                -74.28035822344178,
                4.782419218122734
              ],
              [
                -74.2805199972979,
                4.782373204044057
              ],
              [
                -74.28073177680132,
                4.78230341789326
              ],
              [
                -74.28092627635196,
                4.782252824691073
              ],
              [
                -74.28117017889133,
                4.782184407139757
              ],
              [
                -74.2812774863914,
                4.782161107213742
              ],
              [
                -74.28133578597114,
                4.782146268357699
              ],
              [
                -74.28141912978447,
                4.782133662897819
              ],
              [
                -74.28141555550489,
                4.782159677111198
              ],
              [
                -74.28140743910171,
                4.782185700884372
              ],
              [
                -74.28144181412401,
                4.782279209248022
              ],
              [
                -74.28143922372813,
                4.78230209631902
              ],
              [
                -74.28141230618877,
                4.782327250582152
              ],
              [
                -74.28129568317368,
                4.782402880067761
              ],
              [
                -74.28125214096872,
                4.782429439266398
              ],
              [
                -74.28120481391457,
                4.782463694070625
              ],
              [
                -74.28110397259128,
                4.782545334252103
              ],
              [
                -74.28088963039127,
                4.782748317847608
              ],
              [
                -74.28076783696395,
                4.782875524792876
              ],
              [
                -74.28042388565878,
                4.783224346797162
              ],
              [
                -74.28026780172512,
                4.78335955255175
              ]
            ]
          ]
        ]
      }
    },
    {
      "type": "Feature",
      "properties": {
        "id": 4,
        "AREA": 0.0557875867095785,
        "etiqueta": "BLOQUE 4\n0.056 Ha",
        "categoria": "REC-HIDRICO"
      },
      "geometry": {
        "type": "MultiPolygon",
        "coordinates": [
          [
            [
              [
                -74.2805258707485,
                4.783440260103021
              ],
              [
                -74.28052596225493,
                4.783444469398723
              ],
              [
                -74.2805239491135,
                4.783449776771566
              ],
              [
                -74.28051681161209,
                4.78346167260725
              ],
              [
                -74.28049704622359,
                4.783481254982914
              ],
              [
                -74.28046611705082,
                4.783508706911414
              ],
              [
                -74.28040133049954,
                4.783576238655524
              ],
              [
                -74.28035109347039,
                4.783626109658966
              ],
              [
                -74.2803434069304,
                4.783631874563951
              ],
              [
                -74.2803398381797,
                4.783633430173233
              ],
              [
                -74.28033745901256,
                4.783633796198946
              ],
              [
                -74.28033361574256,
                4.783632606615378
              ],
              [
                -74.28033004699186,
                4.78363086799324
              ],
              [
                -74.28030149698623,
                4.783609730008295
              ],
              [
                -74.28025354761776,
                4.783565440896981
              ],
              [
                -74.28023122004926,
                4.783538354994194
              ],
              [
                -74.28022792581784,
                4.783531766531355
              ],
              [
                -74.2802297559464,
                4.783522981914235
              ],
              [
                -74.28023854056352,
                4.783512367168548
              ],
              [
                -74.28030698737192,
                4.783439894077309
              ],
              [
                -74.2804054482888,
                4.783344178353272
              ],
              [
                -74.28042173643306,
                4.783338138929002
              ],
              [
                -74.28044058675728,
                4.783344910404699
              ],
              [
                -74.2804616332358,
                4.783366871947499
              ],
              [
                -74.28051983132423,
                4.783426168113058
              ],
              [
                -74.28052440664564,
                4.783432390550185
              ],
              [
                -74.2805258707485,
                4.783440260103021
              ]
            ]
          ]
        ]
      }
    },
    {
      "type": "Feature",
      "properties": {
        "id": 5,
        "AREA": 0.04891866145937456,
        "etiqueta": "BLOQUE 5\n0.049 Ha",
        "categoria": "REC-HIDRICO"
      },
      "geometry": {
        "type": "MultiPolygon",
        "coordinates": [
          [
            [
              [
                -74.28029042470845,
                4.783678268323115
              ],
              [
                -74.28027550916066,
                4.783700595891627
              ],
              [
                -74.2802711168521,
                4.78370480518733
              ],
              [
                -74.28026178319641,
                4.783711576663028
              ],
              [
                -74.28023341620363,
                4.783739577630097
              ],
              [
                -74.28018967613086,
                4.783785696869979
              ],
              [
                -74.28009597354826,
                4.783877386311169
              ],
              [
                -74.28008792098257,
                4.783889282146851
              ],
              [
                -74.2800780382883,
                4.783894955545407
              ],
              [
                -74.28006888764547,
                4.783897151699687
              ],
              [
                -74.28006376328548,
                4.783895321571121
              ],
              [
                -74.2800421677684,
                4.783882693684011
              ],
              [
                -74.28003814148555,
                4.783877203298311
              ],
              [
                -74.28003612834412,
                4.783868601694047
              ],
              [
                -74.28003759244697,
                4.783856156819795
              ],
              [
                -74.28004088667839,
                4.783842064829832
              ],
              [
                -74.28004747514123,
                4.783814612901332
              ],
              [
                -74.28006211616976,
                4.783749643337215
              ],
              [
                -74.28006852161973,
                4.783716151984444
              ],
              [
                -74.28007181585116,
                4.783698948775918
              ],
              [
                -74.28007602514685,
                4.78368998114594
              ],
              [
                -74.28008590784113,
                4.783675889155978
              ],
              [
                -74.28010786938393,
                4.783653561587464
              ],
              [
                -74.2801607600995,
                4.783603599077594
              ],
              [
                -74.28018766298943,
                4.783579075354801
              ],
              [
                -74.28019827773512,
                4.783580722470511
              ],
              [
                -74.28020925850653,
                4.783589324074774
              ],
              [
                -74.28021932421365,
                4.783599206769034
              ],
              [
                -74.28023524633217,
                4.783615128887564
              ],
              [
                -74.28028520884203,
                4.783667562071001
              ],
              [
                -74.28028978416346,
                4.783671771366704
              ],
              [
                -74.28029115675987,
                4.783673601495271
              ],
              [
                -74.28029198031773,
                4.783675706143122
              ],
              [
                -74.28029042470845,
                4.783678268323115
              ]
            ]
          ]
        ]
      }
    },
    {
      "type": "Feature",
      "properties": {
        "id": 6,
        "AREA": 0.07290596817333135,
        "etiqueta": "BLOQUE 6\n0.073 Ha",
        "categoria": "REC-HIDRICO"
      },
      "geometry": {
        "type": "MultiPolygon",
        "coordinates": [
          [
            [
              [
                -74.28000979570044,
                4.783985898189009
              ],
              [
                -74.28001833934037,
                4.783981648701296
              ],
              [
                -74.28002844985215,
                4.783986636585338
              ],
              [
                -74.28004907897262,
                4.784007558686682
              ],
              [
                -74.28009821844124,
                4.784060066710917
              ],
              [
                -74.28012753892546,
                4.784090769269543
              ],
              [
                -74.28015217452533,
                4.784115903951494
              ],
              [
                -74.2801373990489,
                4.784142413895397
              ],
              [
                -74.28012767069515,
                4.784155944614775
              ],
              [
                -74.28010892628743,
                4.784173748692714
              ],
              [
                -74.2800283765826,
                4.784252562920247
              ],
              [
                -74.27993445838035,
                4.784348018956796
              ],
              [
                -74.27986403962869,
                4.784415928507227
              ],
              [
                -74.27985952077364,
                4.784417714004105
              ],
              [
                -74.27984670449682,
                4.784417051351486
              ],
              [
                -74.27983027683668,
                4.784396440883607
              ],
              [
                -74.2798210340269,
                4.784366822066544
              ],
              [
                -74.27982337651491,
                4.784332715819974
              ],
              [
                -74.2798563262631,
                4.784266426586028
              ],
              [
                -74.27993292403356,
                4.784133625436987
              ],
              [
                -74.27996298207593,
                4.78407880023907
              ],
              [
                -74.27999335014054,
                4.784016520491741
              ],
              [
                -74.28000979570044,
                4.783985898189009
              ]
            ]
          ]
        ]
      }
    },
    {
      "type": "Feature",
      "properties": {
        "id": 7,
        "AREA": 0.03564065959236105,
        "etiqueta": "BLOQUE 7\n0.036 Ha",
        "categoria": "REC-HIDRICO"
      },
      "geometry": {
        "type": "MultiPolygon",
        "coordinates": [
          [
            [
              [
                -74.29304779341466,
                4.782857089635252
              ],
              [
                -74.29304230302895,
                4.782855076493829
              ],
              [
                -74.2930049684062,
                4.782820304051063
              ],
              [
                -74.29296013025632,
                4.782776014939749
              ],
              [
                -74.29295061358776,
                4.782765949232632
              ],
              [
                -74.29294530621492,
                4.782761007885502
              ],
              [
                -74.2929445741635,
                4.782756798589799
              ],
              [
                -74.29294603826635,
                4.782749295062675
              ],
              [
                -74.29294988153634,
                4.782745817818398
              ],
              [
                -74.29298337288911,
                4.782714705632764
              ],
              [
                -74.293017962319,
                4.782683410434275
              ],
              [
                -74.29304138796468,
                4.782659435750052
              ],
              [
                -74.29305950623748,
                4.782642964592951
              ],
              [
                -74.29306993797032,
                4.782632532860122
              ],
              [
                -74.2930750623303,
                4.782626859461565
              ],
              [
                -74.29307817354886,
                4.782623565230145
              ],
              [
                -74.29308165079314,
                4.782622650165862
              ],
              [
                -74.29308439598599,
                4.782622467153005
              ],
              [
                -74.29308750720456,
                4.782623016191574
              ],
              [
                -74.29309006938455,
                4.782624663307285
              ],
              [
                -74.2931544899101,
                4.782689632871401
              ],
              [
                -74.29317571940146,
                4.782712326465628
              ],
              [
                -74.29317937965858,
                4.782718548902755
              ],
              [
                -74.29318157581287,
                4.782723307237029
              ],
              [
                -74.29318047773573,
                4.782725503391308
              ],
              [
                -74.29317736651717,
                4.782728614609872
              ],
              [
                -74.29316437260434,
                4.782743072625548
              ],
              [
                -74.29313783574014,
                4.782768145386912
              ],
              [
                -74.2931147761202,
                4.782793035135419
              ],
              [
                -74.29310818765737,
                4.782801636739682
              ],
              [
                -74.29308659214028,
                4.782822500205341
              ],
              [
                -74.29308183380601,
                4.782829454693895
              ],
              [
                -74.29306408155891,
                4.782845010786711
              ],
              [
                -74.2930556629675,
                4.782853795403831
              ],
              [
                -74.29305200271037,
                4.782855991558111
              ],
              [
                -74.29304779341466,
                4.782857089635252
              ]
            ]
          ]
        ]
      }
    },
    {
      "type": "Feature",
      "properties": {
        "id": 8,
        "AREA": 0.03360360776485395,
        "etiqueta": "BLOQUE 8\n0.034 Ha",
        "categoria": "REC-HIDRICO"
      },
      "geometry": {
        "type": "MultiPolygon",
        "coordinates": [
          [
            [
              [
                -74.29320829568994,
                4.782682312357137
              ],
              [
                -74.29320134120138,
                4.78267938415143
              ],
              [
                -74.29319585081569,
                4.782674808830013
              ],
              [
                -74.29318615113428,
                4.782665292161466
              ],
              [
                -74.29313509054727,
                4.782612950484459
              ],
              [
                -74.29310782163164,
                4.782582021311683
              ],
              [
                -74.29308274887028,
                4.782556582524607
              ],
              [
                -74.29307853957458,
                4.782551824190334
              ],
              [
                -74.29307652643315,
                4.7825481639332
              ],
              [
                -74.29307725848457,
                4.78254541874035
              ],
              [
                -74.29308000367743,
                4.782541941496073
              ],
              [
                -74.29312429278873,
                4.78249545623048
              ],
              [
                -74.29314735240867,
                4.782474958790534
              ],
              [
                -74.29315613702579,
                4.78246635718627
              ],
              [
                -74.29316052933434,
                4.782462147890567
              ],
              [
                -74.29316254247577,
                4.782460317762
              ],
              [
                -74.2931662027329,
                4.78245812160772
              ],
              [
                -74.29317096106718,
                4.782456657504867
              ],
              [
                -74.29317571940146,
                4.782456840517724
              ],
              [
                -74.29317864760716,
                4.78245812160772
              ],
              [
                -74.29318175882572,
                4.782459402697717
              ],
              [
                -74.29318523607,
                4.782462696929137
              ],
              [
                -74.29320481844566,
                4.782483194369084
              ],
              [
                -74.29324837550556,
                4.782530411686103
              ],
              [
                -74.29329266461687,
                4.782575798874556
              ],
              [
                -74.29330035115686,
                4.78258385144025
              ],
              [
                -74.29330254731113,
                4.782588609774523
              ],
              [
                -74.29330254731113,
                4.782595015224507
              ],
              [
                -74.293301449234,
                4.782597943430213
              ],
              [
                -74.29329833801543,
                4.782603250803056
              ],
              [
                -74.29326484666267,
                4.782638389271536
              ],
              [
                -74.29324160402986,
                4.78266291299433
              ],
              [
                -74.29322970819418,
                4.782673344727161
              ],
              [
                -74.29321891043564,
                4.78268048222857
              ],
              [
                -74.29321488415279,
                4.782682312357137
              ],
              [
                -74.29320829568994,
                4.782682312357137
              ]
            ]
          ]
        ]
      }
    },
    {
      "type": "Feature",
      "properties": {
        "id": 9,
        "AREA": 0.023872765507077565,
        "etiqueta": "BLOQUE 9\n0.024 Ha",
        "categoria": "REC-HIDRICO"
      },
      "geometry": {
        "type": "MultiPolygon",
        "coordinates": [
          [
            [
              [
                -74.29330437743971,
                4.781516154434454
              ],
              [
                -74.29174876815806,
                4.779967133615627
              ],
              [
                -74.29175608867232,
                4.779959996114218
              ],
              [
                -74.29330986782541,
                4.781511030074467
              ],
              [
                -74.29330437743971,
                4.781516154434454
              ]
            ]
          ]
        ]
      }
    },
    {
      "type": "Feature",
      "properties": {
        "id": 10,
        "AREA": 0.03192601897190907,
        "etiqueta": "BLOQUE 10\n0.032 Ha",
        "categoria": "REC-HIDRICO"
      },
      "geometry": {
        "type": "MultiPolygon",
        "coordinates": [
          [
            [
              [
                -74.2916997207125,
                4.779920831362891
              ],
              [
                -74.2901697332308,
                4.778390294842588
              ],
              [
                -74.29018181207934,
                4.778383340354035
              ],
              [
                -74.29170704122677,
                4.779913144822912
              ],
              [
                -74.2916997207125,
                4.779920831362891
              ]
            ]
          ]
        ]
      }
    },
    {
      "type": "Feature",
      "properties": {
        "id": 11,
        "AREA": 0.023372087759245187,
        "etiqueta": "BLOQUE 11\n0.023 Ha",
        "categoria": "REC-HIDRICO"
      },
      "geometry": {
        "type": "MultiPolygon",
        "coordinates": [
          [
            [
              [
                -74.29278022861833,
                4.782026211265985
              ],
              [
                -74.29123505106945,
                4.780487256154275
              ],
              [
                -74.29124218857086,
                4.780479386601439
              ],
              [
                -74.2927849869526,
                4.782021269918856
              ],
              [
                -74.29278022861833,
                4.782026211265985
              ]
            ]
          ]
        ]
      }
    },
    {
      "type": "Feature",
      "properties": {
        "id": 12,
        "AREA": 0.027426709335891065,
        "etiqueta": "BLOQUE 12\n0.027 Ha",
        "categoria": "REC-HIDRICO"
      },
      "geometry": {
        "type": "MultiPolygon",
        "coordinates": [
          [
            [
              [
                -74.29118691868814,
                4.780437476657261
              ],
              [
                -74.28947611450403,
                4.778728136575996
              ],
              [
                -74.28948618021074,
                4.778724293305998
              ],
              [
                -74.29119332413812,
                4.780431620245849
              ],
              [
                -74.29118691868814,
                4.780437476657261
              ]
            ]
          ]
        ]
      }
    },
    {
      "type": "Feature",
      "properties": {
        "id": 13,
        "AREA": 0.025031404678005492,
        "etiqueta": "BLOQUE 13\n0.025 Ha",
        "categoria": "REC-HIDRICO"
      },
      "geometry": {
        "type": "MultiPolygon",
        "coordinates": [
          [
            [
              [
                -74.29227053781247,
                4.782551275151766
              ],
              [
                -74.29071932083937,
                4.781006280615785
              ],
              [
                -74.29072627532793,
                4.780998594075805
              ],
              [
                -74.29227694326245,
                4.782545967778923
              ],
              [
                -74.29227053781247,
                4.782551275151766
              ]
            ]
          ]
        ]
      }
    },
    {
      "type": "Feature",
      "properties": {
        "id": 14,
        "AREA": 0.03459604755626642,
        "etiqueta": "BLOQUE 14\n0.035 Ha",
        "categoria": "REC-HIDRICO"
      },
      "geometry": {
        "type": "MultiPolygon",
        "coordinates": [
          [
            [
              [
                -74.29067283557379,
                4.780958148234481
              ],
              [
                -74.28877554128874,
                4.779070919656533
              ],
              [
                -74.28878615603443,
                4.779064331193693
              ],
              [
                -74.29067924102377,
                4.780951925797354
              ],
              [
                -74.29067283557379,
                4.780958148234481
              ]
            ]
          ]
        ]
      }
    },
    {
      "type": "Feature",
      "properties": {
        "id": 15,
        "AREA": 0.023442031260038493,
        "etiqueta": "BLOQUE 15\n0.023 Ha",
        "categoria": "REC-HIDRICO"
      },
      "geometry": {
        "type": "MultiPolygon",
        "coordinates": [
          [
            [
              [
                -74.29176249412242,
                4.783063711150429
              ],
              [
                -74.29021640150934,
                4.78151578840874
              ],
              [
                -74.29022372202361,
                4.781509931997326
              ],
              [
                -74.2917685335467,
                4.783058220764729
              ],
              [
                -74.29176249412242,
                4.783063711150429
              ]
            ]
          ]
        ]
      }
    },
    {
      "type": "Feature",
      "properties": {
        "id": 16,
        "AREA": 0.023713532067893537,
        "etiqueta": "BLOQUE 16\n0.024 Ha",
        "categoria": "REC-HIDRICO"
      },
      "geometry": {
        "type": "MultiPolygon",
        "coordinates": [
          [
            [
              [
                -74.28994416988508,
                4.781248772650862
              ],
              [
                -74.28813325766832,
                4.779447377102696
              ],
              [
                -74.28813792449616,
                4.779442618768423
              ],
              [
                -74.28808512528704,
                4.779391192155698
              ],
              [
                -74.28814002914403,
                4.779441703704138
              ],
              [
                -74.28994856219364,
                4.781244288835874
              ],
              [
                -74.28994416988508,
                4.781248772650862
              ]
            ]
          ]
        ]
      }
    },
    {
      "type": "Feature",
      "properties": {
        "id": 17,
        "AREA": 0.023979495574417524,
        "etiqueta": "BLOQUE 17\n0.024 Ha",
        "categoria": "REC-HIDRICO"
      },
      "geometry": {
        "type": "MultiPolygon",
        "coordinates": [
          [
            [
              [
                -74.2917047535662,
                4.78312200074528
              ],
              [
                -74.29015243851595,
                4.781579568389292
              ],
              [
                -74.29015902697878,
                4.781571881849311
              ],
              [
                -74.29171097600332,
                4.783117242411007
              ],
              [
                -74.2917047535662,
                4.78312200074528
              ]
            ]
          ]
        ]
      }
    },
    {
      "type": "Feature",
      "properties": {
        "id": 18,
        "AREA": 0.02628302627709345,
        "etiqueta": "BLOQUE 18\n0.026 Ha",
        "categoria": "REC-HIDRICO"
      },
      "geometry": {
        "type": "MultiPolygon",
        "coordinates": [
          [
            [
              [
                -74.2901019269675,
                4.78153015491799
              ],
              [
                -74.2885481478144,
                4.779962832813496
              ],
              [
                -74.28855510230295,
                4.779955512299229
              ],
              [
                -74.29010888145605,
                4.781523932480864
              ],
              [
                -74.2901019269675,
                4.78153015491799
              ]
            ]
          ]
        ]
      }
    },
    {
      "type": "Feature",
      "properties": {
        "id": 19,
        "AREA": 0.017387998100579716,
        "etiqueta": "BLOQUE 19\n0.017 Ha",
        "categoria": "REC-HIDRICO"
      },
      "geometry": {
        "type": "MultiPolygon",
        "coordinates": [
          [
            [
              [
                -74.28850019844594,
                4.779918543702182
              ],
              [
                -74.28843687599755,
                4.779861809716619
              ],
              [
                -74.28806206566709,
                4.779486999386163
              ],
              [
                -74.28807634066992,
                4.779471626306202
              ],
              [
                -74.2882048156953,
                4.779592780817316
              ],
              [
                -74.28851081319164,
                4.779906830879355
              ],
              [
                -74.28850019844594,
                4.779918543702182
              ]
            ]
          ]
        ]
      }
    },
    {
      "type": "Feature",
      "properties": {
        "id": 20,
        "AREA": 0.02294455063745845,
        "etiqueta": "BLOQUE 20\n0.023 Ha",
        "categoria": "REC-HIDRICO"
      },
      "geometry": {
        "type": "MultiPolygon",
        "coordinates": [
          [
            [
              [
                -74.29119780795324,
                4.783634436743947
              ],
              [
                -74.28964732303156,
                4.782089808233678
              ],
              [
                -74.28965317944298,
                4.782081755667985
              ],
              [
                -74.29120348135179,
                4.78362986142253
              ],
              [
                -74.29119780795324,
                4.783634436743947
              ]
            ]
          ]
        ]
      }
    },
    {
      "type": "Feature",
      "properties": {
        "id": 21,
        "AREA": 0.02353726098567131,
        "etiqueta": "BLOQUE 21\n0.024 Ha",
        "categoria": "REC-HIDRICO"
      },
      "geometry": {
        "type": "MultiPolygon",
        "coordinates": [
          [
            [
              [
                -74.28959717750885,
                4.782040394762378
              ],
              [
                -74.28803333264864,
                4.780474170735023
              ],
              [
                -74.28803882303433,
                4.780469778426464
              ],
              [
                -74.28960449802311,
                4.782033074248111
              ],
              [
                -74.28959717750885,
                4.782040394762378
              ]
            ]
          ]
        ]
      }
    },
    {
      "type": "Feature",
      "properties": {
        "id": 22,
        "AREA": 0.009072907204087823,
        "etiqueta": "BLOQUE 22\n0.009 Ha",
        "categoria": "REC-HIDRICO"
      },
      "geometry": {
        "type": "MultiPolygon",
        "coordinates": [
          [
            [
              [
                -74.2879676310331,
                4.780409384183765
              ],
              [
                -74.28736542722822,
                4.779812670764604
              ],
              [
                -74.28737000254964,
                4.779808003936759
              ],
              [
                -74.28733638965373,
                4.779751592186773
              ],
              [
                -74.28737174117178,
                4.779805075731054
              ],
              [
                -74.28797275539308,
                4.780404076810922
              ],
              [
                -74.2879676310331,
                4.780409384183765
              ]
            ]
          ]
        ]
      }
    },
    {
      "type": "Feature",
      "properties": {
        "id": 23,
        "AREA": 0.022220099641830894,
        "etiqueta": "BLOQUE 23\n0.022 Ha",
        "categoria": "REC-HIDRICO"
      },
      "geometry": {
        "type": "MultiPolygon",
        "coordinates": [
          [
            [
              [
                -74.29068043060757,
                4.784152454634743
              ],
              [
                -74.28913250786584,
                4.782608009137336
              ],
              [
                -74.28913891331584,
                4.782601237661639
              ],
              [
                -74.29068592099327,
                4.78414769630047
              ],
              [
                -74.29068043060757,
                4.784152454634743
              ]
            ]
          ]
        ]
      }
    },
    {
      "type": "Feature",
      "properties": {
        "id": 24,
        "AREA": 0.024113952123210766,
        "etiqueta": "BLOQUE 24\n0.024 Ha",
        "categoria": "REC-HIDRICO"
      },
      "geometry": {
        "type": "MultiPolygon",
        "coordinates": [
          [
            [
              [
                -74.28908437548455,
                4.782560059768889
              ],
              [
                -74.28752803415146,
                4.781003718435795
              ],
              [
                -74.28753389056287,
                4.780995665870102
              ],
              [
                -74.2890896828574,
                4.782554020344619
              ],
              [
                -74.28908437548455,
                4.782560059768889
              ]
            ]
          ]
        ]
      }
    },
    {
      "type": "Feature",
      "properties": {
        "id": 25,
        "AREA": 0.012902582742163214,
        "etiqueta": "BLOQUE 25\n0.013 Ha",
        "categoria": "REC-HIDRICO"
      },
      "geometry": {
        "type": "MultiPolygon",
        "coordinates": [
          [
            [
              [
                -74.28745272436095,
                4.780928042619563
              ],
              [
                -74.28666695866083,
                4.780147035253738
              ],
              [
                -74.28667308959153,
                4.780141819387323
              ],
              [
                -74.28662825144166,
                4.780096706718155
              ],
              [
                -74.28667766491296,
                4.780142093906608
              ],
              [
                -74.28745830625307,
                4.780922643740292
              ],
              [
                -74.28745272436095,
                4.780928042619563
              ]
            ]
          ]
        ]
      }
    },
    {
      "type": "Feature",
      "properties": {
        "id": 26,
        "AREA": 0.02323283397408086,
        "etiqueta": "BLOQUE 26\n0.023 Ha",
        "categoria": "REC-HIDRICO"
      },
      "geometry": {
        "type": "MultiPolygon",
        "coordinates": [
          [
            [
              [
                -74.29016872666034,
                4.784677335507668
              ],
              [
                -74.28864303998076,
                4.783126759079559
              ],
              [
                -74.28865054350787,
                4.783121451706716
              ],
              [
                -74.29017467457818,
                4.784671479096255
              ],
              [
                -74.29016872666034,
                4.784677335507668
              ]
            ]
          ]
        ]
      }
    },
    {
      "type": "Feature",
      "properties": {
        "id": 27,
        "AREA": 0.025529446098400514,
        "etiqueta": "BLOQUE 27\n0.026 Ha",
        "categoria": "REC-HIDRICO"
      },
      "geometry": {
        "type": "MultiPolygon",
        "coordinates": [
          [
            [
              [
                -74.28856178227242,
                4.783073136312557
              ],
              [
                -74.28855629188675,
                4.783050808744046
              ],
              [
                -74.28702502331495,
                4.781521004275167
              ],
              [
                -74.28703069671351,
                4.781513866773757
              ],
              [
                -74.2885665406067,
                4.78304714848691
              ],
              [
                -74.2885720309924,
                4.78306361964401
              ],
              [
                -74.28857605727524,
                4.783072038235416
              ],
              [
                -74.28857056688955,
                4.783078260672543
              ],
              [
                -74.28856178227242,
                4.783073136312557
              ]
            ]
          ]
        ]
      }
    },
    {
      "type": "Feature",
      "properties": {
        "id": 28,
        "AREA": 0.015062457054603146,
        "etiqueta": "BLOQUE 28\n0.015 Ha",
        "categoria": "REC-HIDRICO"
      },
      "geometry": {
        "type": "MultiPolygon",
        "coordinates": [
          [
            [
              [
                -74.28694285054239,
                4.781439746566809
              ],
              [
                -74.28597507855632,
                4.780479295095024
              ],
              [
                -74.28598056894202,
                4.780472706632183
              ],
              [
                -74.28593920803641,
                4.78042622136659
              ],
              [
                -74.28598276509629,
                4.780470510477904
              ],
              [
                -74.28694760887666,
                4.781435720283962
              ],
              [
                -74.28694285054239,
                4.781439746566809
              ]
            ]
          ]
        ]
      }
    },
    {
      "type": "Feature",
      "properties": {
        "id": 29,
        "AREA": 0.02993084996801408,
        "etiqueta": "BLOQUE 29\n0.03 Ha",
        "categoria": "REC-HIDRICO"
      },
      "geometry": {
        "type": "MultiPolygon",
        "coordinates": [
          [
            [
              [
                -74.289662970631,
                4.785233969111228
              ],
              [
                -74.2896580292839,
                4.785220975198404
              ],
              [
                -74.28965748024532,
                4.78519864762989
              ],
              [
                -74.28962783216255,
                4.785165339289978
              ],
              [
                -74.28824571906898,
                4.783789997672127
              ],
              [
                -74.28816153315492,
                4.783861372686227
              ],
              [
                -74.2880374504381,
                4.78375193099794
              ],
              [
                -74.28801146261245,
                4.783761081640773
              ],
              [
                -74.28761615484208,
                4.784176886851119
              ],
              [
                -74.28761066445638,
                4.784169200311139
              ],
              [
                -74.28800816838108,
                4.78375742138364
              ],
              [
                -74.28803745043814,
                4.7837453425351
              ],
              [
                -74.2881626312321,
                4.783856980377666
              ],
              [
                -74.28824571906902,
                4.78377389254074
              ],
              [
                -74.28963716581823,
                4.785164790251407
              ],
              [
                -74.28966626486242,
                4.785199013655604
              ],
              [
                -74.2896688270424,
                4.785230491866951
              ],
              [
                -74.289662970631,
                4.785233969111228
              ]
            ]
          ]
        ]
      }
    },
    {
      "type": "Feature",
      "properties": {
        "id": 30,
        "AREA": 0.023498227661545388,
        "etiqueta": "BLOQUE 30\n0.023 Ha",
        "categoria": "REC-HIDRICO"
      },
      "geometry": {
        "type": "MultiPolygon",
        "coordinates": [
          [
            [
              [
                -74.28914559328527,
                4.78570321407572
              ],
              [
                -74.28761615484208,
                4.784176886851119
              ],
              [
                -74.28762109618924,
                4.784170664413992
              ],
              [
                -74.28915144969669,
                4.785695161510026
              ],
              [
                -74.28914559328527,
                4.78570321407572
              ]
            ]
          ]
        ]
      }
    },
    {
      "type": "Feature",
      "properties": {
        "id": 31,
        "AREA": 0.0285700478458195,
        "etiqueta": "BLOQUE 31\n0.029 Ha",
        "categoria": "REC-HIDRICO"
      },
      "geometry": {
        "type": "MultiPolygon",
        "coordinates": [
          [
            [
              [
                -74.28906451858978,
                4.785741921294908
              ],
              [
                -74.28754697598231,
                4.784229320034557
              ],
              [
                -74.28755685867657,
                4.784220169391723
              ],
              [
                -74.28907055801406,
                4.785736247896351
              ],
              [
                -74.28906451858978,
                4.785741921294908
              ]
            ]
          ]
        ]
      }
    },
    {
      "type": "Feature",
      "properties": {
        "id": 32,
        "AREA": 0.022048251217533833,
        "etiqueta": "BLOQUE 32\n0.022 Ha",
        "categoria": "REC-HIDRICO"
      },
      "geometry": {
        "type": "MultiPolygon",
        "coordinates": [
          [
            [
              [
                -74.28748767981673,
                4.784170206881854
              ],
              [
                -74.28592658014936,
                4.782613133497334
              ],
              [
                -74.28593280258649,
                4.782607277085921
              ],
              [
                -74.28749280417672,
                4.784164350470441
              ],
              [
                -74.28748767981673,
                4.784170206881854
              ]
            ]
          ]
        ]
      }
    },
    {
      "type": "Feature",
      "properties": {
        "id": 33,
        "AREA": 0.016969267314736497,
        "etiqueta": "BLOQUE 33\n0.017 Ha",
        "categoria": "REC-HIDRICO"
      },
      "geometry": {
        "type": "MultiPolygon",
        "coordinates": [
          [
            [
              [
                -74.2858581333409,
                4.782541026431808
              ],
              [
                -74.28460650841416,
                4.781289493011493
              ],
              [
                -74.28462188149415,
                4.781296813525759
              ],
              [
                -74.28586490481658,
                4.782533614411114
              ],
              [
                -74.2858581333409,
                4.782541026431808
              ]
            ]
          ]
        ]
      }
    },
    {
      "type": "Feature",
      "properties": {
        "id": 34,
        "AREA": 0.017761528163391632,
        "etiqueta": "BLOQUE 34\n0.018 Ha",
        "categoria": "REC-HIDRICO"
      },
      "geometry": {
        "type": "MultiPolygon",
        "coordinates": [
          [
            [
              [
                -74.2859296913679,
                4.782492070492652
              ],
              [
                -74.28464979095482,
                4.781216470881686
              ],
              [
                -74.28465546435338,
                4.781210431457416
              ],
              [
                -74.28454840183218,
                4.781103551949125
              ],
              [
                -74.28465610489835,
                4.781208235303138
              ],
              [
                -74.28593408367645,
                4.782488593248376
              ],
              [
                -74.2859296913679,
                4.782492070492652
              ]
            ]
          ]
        ]
      }
    },
    {
      "type": "Feature",
      "properties": {
        "id": 35,
        "AREA": 0.010730252868274693,
        "etiqueta": "BLOQUE 35\n0.011 Ha",
        "categoria": "REC-HIDRICO"
      },
      "geometry": {
        "type": "MultiPolygon",
        "coordinates": [
          [
            [
              [
                -74.28857477618531,
                4.786272658579252
              ],
              [
                -74.28783961354013,
                4.785543443851865
              ],
              [
                -74.28784510392583,
                4.785537587440452
              ],
              [
                -74.28858173067385,
                4.786267076687124
              ],
              [
                -74.28857477618531,
                4.786272658579252
              ]
            ]
          ]
        ]
      }
    },
    {
      "type": "Feature",
      "properties": {
        "id": 36,
        "AREA": 0.01103921189843677,
        "etiqueta": "BLOQUE 36\n0.011 Ha",
        "categoria": "REC-HIDRICO"
      },
      "geometry": {
        "type": "MultiPolygon",
        "coordinates": [
          [
            [
              [
                -74.2878008148145,
                4.785468774606345
              ],
              [
                -74.2870372851765,
                4.784708173174036
              ],
              [
                -74.28704405665219,
                4.784699388556916
              ],
              [
                -74.28780447507165,
                4.785464382297785
              ],
              [
                -74.2878008148145,
                4.785468774606345
              ]
            ]
          ]
        ]
      }
    },
    {
      "type": "Feature",
      "properties": {
        "id": 37,
        "AREA": 0.010840959357406246,
        "etiqueta": "BLOQUE 37\n0.011 Ha",
        "categoria": "REC-HIDRICO"
      },
      "geometry": {
        "type": "MultiPolygon",
        "coordinates": [
          [
            [
              [
                -74.28699555824518,
                4.784667361307001
              ],
              [
                -74.2862182111365,
                4.783888367082599
              ],
              [
                -74.28622168838078,
                4.783882693684043
              ],
              [
                -74.28700251273374,
                4.784660772844162
              ],
              [
                -74.28699555824518,
                4.784667361307001
              ]
            ]
          ]
        ]
      }
    },
    {
      "type": "Feature",
      "properties": {
        "id": 38,
        "AREA": 0.010143507541005965,
        "etiqueta": "BLOQUE 38\n0.01 Ha",
        "categoria": "REC-HIDRICO"
      },
      "geometry": {
        "type": "MultiPolygon",
        "coordinates": [
          [
            [
              [
                -74.28616349029235,
                4.783865490475517
              ],
              [
                -74.2854230202743,
                4.783124471418875
              ],
              [
                -74.28542814463428,
                4.783117882956034
              ],
              [
                -74.28616806561378,
                4.783859451051247
              ],
              [
                -74.28616349029235,
                4.783865490475517
              ]
            ]
          ]
        ]
      }
    },
    {
      "type": "Feature",
      "properties": {
        "id": 39,
        "AREA": 0.0312383223953133,
        "etiqueta": "BLOQUE 39\n0.031 Ha",
        "categoria": "REC-HIDRICO"
      },
      "geometry": {
        "type": "MultiPolygon",
        "coordinates": [
          [
            [
              [
                -74.28536958052014,
                4.783071763716154
              ],
              [
                -74.28384425986624,
                4.781554678640815
              ],
              [
                -74.28377132924287,
                4.78148376115886
              ],
              [
                -74.28375796930435,
                4.781468571091755
              ],
              [
                -74.28383931851911,
                4.781548181684404
              ],
              [
                -74.28384654752698,
                4.781539214054428
              ],
              [
                -74.28537690103441,
                4.783063711150461
              ],
              [
                -74.28536958052014,
                4.783071763716154
              ]
            ]
          ]
        ]
      }
    },
    {
      "type": "Feature",
      "properties": {
        "id": 40,
        "AREA": 0.00746317126310023,
        "etiqueta": "BLOQUE 40\n0.007 Ha",
        "categoria": "REC-HIDRICO"
      },
      "geometry": {
        "type": "MultiPolygon",
        "coordinates": [
          [
            [
              [
                -74.28620155696646,
                4.783932290168207
              ],
              [
                -74.28620631530069,
                4.78392771484679
              ],
              [
                -74.28694953051163,
                4.784659949286314
              ],
              [
                -74.28694678531878,
                4.784664341594874
              ],
              [
                -74.28620155696646,
                4.783932290168207
              ]
            ]
          ]
        ]
      }
    },
    {
      "type": "Feature",
      "properties": {
        "id": 41,
        "AREA": 0.004389142037117563,
        "etiqueta": "BLOQUE 41\n0.004 Ha",
        "categoria": "REC-HIDRICO"
      },
      "geometry": {
        "type": "MultiPolygon",
        "coordinates": [
          [
            [
              [
                -74.28775423804235,
                4.785471611305629
              ],
              [
                -74.28731152994212,
                4.785034759616766
              ],
              [
                -74.28731738635354,
                4.78502963525678
              ],
              [
                -74.28775625118378,
                4.785468317074208
              ],
              [
                -74.28775423804235,
                4.785471611305629
              ]
            ]
          ]
        ]
      }
    },
    {
      "type": "Feature",
      "properties": {
        "id": 42,
        "AREA": 0.05814697433757247,
        "etiqueta": "BLOQUE 42\n0.058 Ha",
        "categoria": "REC-HIDRICO"
      },
      "geometry": {
        "type": "MultiPolygon",
        "coordinates": [
          [
            [
              [
                -74.2861735559994,
                4.78391929625538
              ],
              [
                -74.28315915123721,
                4.786960054868898
              ],
              [
                -74.28315036662009,
                4.786954198457486
              ],
              [
                -74.28616623548511,
                4.783909962599692
              ],
              [
                -74.2861735559994,
                4.78391929625538
              ]
            ]
          ]
        ]
      }
    },
    {
      "type": "Feature",
      "properties": {
        "id": 43,
        "AREA": 0.023574247883632778,
        "etiqueta": "BLOQUE 43\n0.024 Ha",
        "categoria": "REC-HIDRICO"
      },
      "geometry": {
        "type": "MultiPolygon",
        "coordinates": [
          [
            [
              [
                -74.28806078457733,
                4.786791317015053
              ],
              [
                -74.2865146919642,
                4.785248152607642
              ],
              [
                -74.28652237850417,
                4.785242296196229
              ],
              [
                -74.28806664098873,
                4.786785826629353
              ],
              [
                -74.28806078457733,
                4.786791317015053
              ]
            ]
          ]
        ]
      }
    },
    {
      "type": "Feature",
      "properties": {
        "id": 44,
        "AREA": 0.025255190182788646,
        "etiqueta": "BLOQUE 44\n0.025 Ha",
        "categoria": "REC-HIDRICO"
      },
      "geometry": {
        "type": "MultiPolygon",
        "coordinates": [
          [
            [
              [
                -74.2864572259272,
                4.785192516699215
              ],
              [
                -74.28489649228551,
                4.783631783057563
              ],
              [
                -74.28490015254265,
                4.783622266389016
              ],
              [
                -74.28646418041575,
                4.785186294262089
              ],
              [
                -74.2864572259272,
                4.785192516699215
              ]
            ]
          ]
        ]
      }
    },
    {
      "type": "Feature",
      "properties": {
        "id": 45,
        "AREA": 0.02069211589966435,
        "etiqueta": "BLOQUE 45\n0.021 Ha",
        "categoria": "REC-HIDRICO"
      },
      "geometry": {
        "type": "MultiPolygon",
        "coordinates": [
          [
            [
              [
                -74.28485037304564,
                4.78358419971483
              ],
              [
                -74.28328671119831,
                4.782023832098887
              ],
              [
                -74.2832914695326,
                4.7820187077389
              ],
              [
                -74.28485622945705,
                4.783578343303416
              ],
              [
                -74.28485037304564,
                4.78358419971483
              ]
            ]
          ]
        ]
      }
    },
    {
      "type": "Feature",
      "properties": {
        "id": 46,
        "AREA": 0.0030712663141981467,
        "etiqueta": "BLOQUE 46\n0.003 Ha",
        "categoria": "REC-HIDRICO"
      },
      "geometry": {
        "type": "MultiPolygon",
        "coordinates": [
          [
            [
              [
                -74.28324278811272,
                4.781982837218994
              ],
              [
                -74.28307386724603,
                4.781815746480859
              ],
              [
                -74.28308118776029,
                4.781805314748029
              ],
              [
                -74.28324718042128,
                4.781975150679013
              ],
              [
                -74.28324278811272,
                4.781982837218994
              ]
            ]
          ]
        ]
      }
    },
    {
      "type": "Feature",
      "properties": {
        "id": 47,
        "AREA": 0.019256586580886505,
        "etiqueta": "BLOQUE 47\n0.019 Ha",
        "categoria": "REC-HIDRICO"
      },
      "geometry": {
        "type": "MultiPolygon",
        "coordinates": [
          [
            [
              [
                -74.28754999569443,
                4.787299543718019
              ],
              [
                -74.2860060992356,
                4.785753268092042
              ],
              [
                -74.28601158962131,
                4.785747411680629
              ],
              [
                -74.28755493704156,
                4.787295517435172
              ],
              [
                -74.28754999569443,
                4.787299543718019
              ]
            ]
          ]
        ]
      }
    },
    {
      "type": "Feature",
      "properties": {
        "id": 48,
        "AREA": 0.019953890209208475,
        "etiqueta": "BLOQUE 48\n0.02 Ha",
        "categoria": "REC-HIDRICO"
      },
      "geometry": {
        "type": "MultiPolygon",
        "coordinates": [
          [
            [
              [
                -74.28596656845859,
                4.785712639237862
              ],
              [
                -74.28592630563013,
                4.785692141797915
              ],
              [
                -74.2843805790427,
                4.784151539570493
              ],
              [
                -74.28438460532556,
                4.784143853030512
              ],
              [
                -74.28592978287436,
                4.785686651412214
              ],
              [
                -74.28596931365139,
                4.785706233787877
              ],
              [
                -74.28596656845859,
                4.785712639237862
              ]
            ]
          ]
        ]
      }
    },
    {
      "type": "Feature",
      "properties": {
        "id": 49,
        "AREA": 0.027566618244023993,
        "etiqueta": "BLOQUE 49\n0.028 Ha",
        "categoria": "REC-HIDRICO"
      },
      "geometry": {
        "type": "MultiPolygon",
        "coordinates": [
          [
            [
              [
                -74.28431469441423,
                4.78408748507066
              ],
              [
                -74.2827702489168,
                4.782543039573253
              ],
              [
                -74.28277756943106,
                4.782535353033272
              ],
              [
                -74.28432164890279,
                4.784080347569249
              ],
              [
                -74.28431469441423,
                4.78408748507066
              ]
            ]
          ]
        ]
      }
    },
    {
      "type": "Feature",
      "properties": {
        "id": 50,
        "AREA": 0.014268038016033824,
        "etiqueta": "BLOQUE 50\n0.014 Ha",
        "categoria": "REC-HIDRICO"
      },
      "geometry": {
        "type": "MultiPolygon",
        "coordinates": [
          [
            [
              [
                -74.28272083544549,
                4.7824976523848
              ],
              [
                -74.28208541480713,
                4.781858205463606
              ],
              [
                -74.28209932378424,
                4.781854911232186
              ],
              [
                -74.28273108416546,
                4.782488501741967
              ],
              [
                -74.28272083544549,
                4.7824976523848
              ]
            ]
          ]
        ]
      }
    },
    {
      "type": "Feature",
      "properties": {
        "id": 51,
        "AREA": 0.0033675237062503584,
        "etiqueta": "BLOQUE 51\n0.003 Ha",
        "categoria": "REC-HIDRICO"
      },
      "geometry": {
        "type": "MultiPolygon",
        "coordinates": [
          [
            [
              [
                -74.28725195925725,
                4.783776363214336
              ],
              [
                -74.28703179479068,
                4.783555832722053
              ],
              [
                -74.28703490600925,
                4.783550891374922
              ],
              [
                -74.28725927977152,
                4.783766846545789
              ],
              [
                -74.28725195925725,
                4.783776363214336
              ]
            ]
          ]
        ]
      }
    },
    {
      "type": "Feature",
      "properties": {
        "id": 52,
        "AREA": 0.0023347532635525567,
        "etiqueta": "BLOQUE 52\n0.002 Ha",
        "categoria": "REC-HIDRICO"
      },
      "geometry": {
        "type": "MultiPolygon",
        "coordinates": [
          [
            [
              [
                -74.28689453514816,
                4.783416193912418
              ],
              [
                -74.28658451136897,
                4.783105072056084
              ],
              [
                -74.28658689053611,
                4.783102326863234
              ],
              [
                -74.28689764636673,
                4.783412167629572
              ],
              [
                -74.28689453514816,
                4.783416193912418
              ]
            ]
          ]
        ]
      }
    },
    {
      "type": "Feature",
      "properties": {
        "id": 53,
        "AREA": 0.0034112796199566218,
        "etiqueta": "BLOQUE 53\n0.003 Ha",
        "categoria": "REC-HIDRICO"
      },
      "geometry": {
        "type": "MultiPolygon",
        "coordinates": [
          [
            [
              [
                -74.28643380028151,
                4.782957746706466
              ],
              [
                -74.28601158962122,
                4.782535536046137
              ],
              [
                -74.2860150668655,
                4.782531509763291
              ],
              [
                -74.28643617944866,
                4.782954452475046
              ],
              [
                -74.28643380028151,
                4.782957746706466
              ]
            ]
          ]
        ]
      }
    },
    {
      "type": "Feature",
      "properties": {
        "id": 54,
        "AREA": 0.028852661496715153,
        "etiqueta": "BLOQUE 54\n0.029 Ha",
        "categoria": "REC-HIDRICO"
      },
      "geometry": {
        "type": "MultiPolygon",
        "coordinates": [
          [
            [
              [
                -74.2870291411044,
                4.787832111130935
              ],
              [
                -74.28548268246556,
                4.786283090312106
              ],
              [
                -74.28548853887696,
                4.786276135823553
              ],
              [
                -74.28703865777295,
                4.787824058565242
              ],
              [
                -74.2870291411044,
                4.787832111130935
              ]
            ]
          ]
        ]
      }
    },
    {
      "type": "Feature",
      "properties": {
        "id": 55,
        "AREA": 0.029950745509611444,
        "etiqueta": "BLOQUE 55\n0.03 Ha",
        "categoria": "REC-HIDRICO"
      },
      "geometry": {
        "type": "MultiPolygon",
        "coordinates": [
          [
            [
              [
                -74.28543949143138,
                4.786245389663633
              ],
              [
                -74.28386960714687,
                4.784676603456287
              ],
              [
                -74.28387582958399,
                4.784669648967734
              ],
              [
                -74.2854482760485,
                4.7862362390208
              ],
              [
                -74.28543949143138,
                4.786245389663633
              ]
            ]
          ]
        ]
      }
    },
    {
      "type": "Feature",
      "properties": {
        "id": 56,
        "AREA": 0.016876994519217987,
        "etiqueta": "BLOQUE 56\n0.017 Ha",
        "categoria": "REC-HIDRICO"
      },
      "geometry": {
        "type": "MultiPolygon",
        "coordinates": [
          [
            [
              [
                -74.28382861226697,
                4.7846275560107
              ],
              [
                -74.28226312029106,
                4.783060233906205
              ],
              [
                -74.2822671465739,
                4.783055475571932
              ],
              [
                -74.28383227252411,
                4.784622431650714
              ],
              [
                -74.28382861226697,
                4.7846275560107
              ]
            ]
          ]
        ]
      }
    },
    {
      "type": "Feature",
      "properties": {
        "id": 57,
        "AREA": 0.01292173741622828,
        "etiqueta": "BLOQUE 57\n0.013 Ha",
        "categoria": "REC-HIDRICO"
      },
      "geometry": {
        "type": "MultiPolygon",
        "coordinates": [
          [
            [
              [
                -74.2821833266856,
                4.782986479724971
              ],
              [
                -74.28154095155874,
                4.782353987292334
              ],
              [
                -74.28154680797014,
                4.782342274469507
              ],
              [
                -74.28219028117415,
                4.782978061133565
              ],
              [
                -74.2821833266856,
                4.782986479724971
              ]
            ]
          ]
        ]
      }
    },
    {
      "type": "Feature",
      "properties": {
        "id": 58,
        "AREA": 0.01799115497689636,
        "etiqueta": "BLOQUE 58\n0.018 Ha",
        "categoria": "REC-HIDRICO"
      },
      "geometry": {
        "type": "MultiPolygon",
        "coordinates": [
          [
            [
              [
                -74.28665643542176,
                4.788175077224353
              ],
              [
                -74.2861502218602,
                4.78794411499924
              ],
              [
                -74.28578291505687,
                4.787588521018738
              ],
              [
                -74.28560502656019,
                4.787771533875405
              ],
              [
                -74.28559880412305,
                4.787768239643984
              ],
              [
                -74.28577998685115,
                4.787583396658751
              ],
              [
                -74.2849750963075,
                4.786789303873674
              ],
              [
                -74.28497893957748,
                4.786784911565114
              ],
              [
                -74.28615186897595,
                4.787940454742106
              ],
              [
                -74.2866588145889,
                4.788169037800083
              ],
              [
                -74.28665643542176,
                4.788175077224353
              ]
            ]
          ]
        ]
      }
    },
    {
      "type": "Feature",
      "properties": {
        "id": 59,
        "AREA": 0.005465210469489102,
        "etiqueta": "BLOQUE 59\n0.005 Ha",
        "categoria": "REC-HIDRICO"
      },
      "geometry": {
        "type": "MultiPolygon",
        "coordinates": [
          [
            [
              [
                -74.28562277880727,
                4.787516779978922
              ],
              [
                -74.28496557963902,
                4.786857750682065
              ],
              [
                -74.28496869085758,
                4.786854090424932
              ],
              [
                -74.28562570701297,
                4.787512936708933
              ],
              [
                -74.28562277880727,
                4.787516779978922
              ]
            ]
          ]
        ]
      }
    },
    {
      "type": "Feature",
      "properties": {
        "id": 60,
        "AREA": 0.024726052312427783,
        "etiqueta": "BLOQUE 60\n0.025 Ha",
        "categoria": "REC-HIDRICO"
      },
      "geometry": {
        "type": "MultiPolygon",
        "coordinates": [
          [
            [
              [
                -74.28493373540195,
                4.786753433353766
              ],
              [
                -74.28414147274549,
                4.785970321340093
              ],
              [
                -74.28413781248835,
                4.785956595375843
              ],
              [
                -74.28342424536018,
                4.785241198119131
              ],
              [
                -74.28342863766875,
                4.785235341707718
              ],
              [
                -74.28414055768118,
                4.785947627745863
              ],
              [
                -74.28493849373623,
                4.786749041045205
              ],
              [
                -74.28493373540195,
                4.786753433353766
              ]
            ]
          ]
        ]
      }
    },
    {
      "type": "Feature",
      "properties": {
        "id": 61,
        "AREA": 0.017734287136862984,
        "etiqueta": "BLOQUE 61\n0.018 Ha",
        "categoria": "REC-HIDRICO"
      },
      "geometry": {
        "type": "MultiPolygon",
        "coordinates": [
          [
            [
              [
                -74.2848687658379,
                4.786756910598046
              ],
              [
                -74.28337684503035,
                4.785267551970493
              ],
              [
                -74.28338343349319,
                4.785263159661933
              ],
              [
                -74.28487389019789,
                4.786753616366626
              ],
              [
                -74.2848687658379,
                4.786756910598046
              ]
            ]
          ]
        ]
      }
    },
    {
      "type": "Feature",
      "properties": {
        "id": 62,
        "AREA": 0.011927964104880812,
        "etiqueta": "BLOQUE 62\n0.012 Ha",
        "categoria": "REC-HIDRICO"
      },
      "geometry": {
        "type": "MultiPolygon",
        "coordinates": [
          [
            [
              [
                -74.28249069677841,
                4.784332905311501
              ],
              [
                -74.28175352099173,
                4.783593167344852
              ],
              [
                -74.28176010945457,
                4.783585846830587
              ],
              [
                -74.28249582113838,
                4.784325584797235
              ],
              [
                -74.28249069677841,
                4.784332905311501
              ]
            ]
          ]
        ]
      }
    },
    {
      "type": "Feature",
      "properties": {
        "id": 63,
        "AREA": 0.009470516684750328,
        "etiqueta": "BLOQUE 63\n0.009 Ha",
        "categoria": "REC-HIDRICO"
      },
      "geometry": {
        "type": "MultiPolygon",
        "coordinates": [
          [
            [
              [
                -74.28166604084623,
                4.783501843929377
              ],
              [
                -74.28097553333802,
                4.782821036102578
              ],
              [
                -74.2809828538523,
                4.782812983536885
              ],
              [
                -74.28166951809051,
                4.783498183672244
              ],
              [
                -74.28166604084623,
                4.783501843929377
              ]
            ]
          ]
        ]
      }
    },
    {
      "type": "Feature",
      "properties": {
        "id": 64,
        "AREA": 0.012619486238644458,
        "etiqueta": "BLOQUE 64\n0.013 Ha",
        "categoria": "REC-HIDRICO"
      },
      "geometry": {
        "type": "MultiPolygon",
        "coordinates": [
          [
            [
              [
                -74.28114976157761,
                4.784025260699443
              ],
              [
                -74.28045467874799,
                4.783333106075528
              ],
              [
                -74.28046199926226,
                4.783324321458408
              ],
              [
                -74.28115635004045,
                4.78401830621089
              ],
              [
                -74.28114976157761,
                4.784025260699443
              ]
            ]
          ]
        ]
      }
    },
    {
      "type": "Feature",
      "properties": {
        "id": 65,
        "AREA": 0.01248305181020114,
        "etiqueta": "BLOQUE 65\n0.012 Ha",
        "categoria": "REC-HIDRICO"
      },
      "geometry": {
        "type": "MultiPolygon",
        "coordinates": [
          [
            [
              [
                -74.28062195249895,
                4.784620418509324
              ],
              [
                -74.28061316788187,
                4.784605411455077
              ],
              [
                -74.28064903840178,
                4.784565880678037
              ],
              [
                -74.28000080686346,
                4.783906668368323
              ],
              [
                -74.28000410109487,
                4.783899347854057
              ],
              [
                -74.28066331340455,
                4.784561122343764
              ],
              [
                -74.28061975634466,
                4.784605045429363
              ],
              [
                -74.28062671083322,
                4.784616392226477
              ],
              [
                -74.28062195249895,
                4.784620418509324
              ]
            ]
          ]
        ]
      }
    },
    {
      "type": "Feature",
      "properties": {
        "id": 66,
        "AREA": 0.0027341486586563405,
        "etiqueta": "BLOQUE 66\n0.003 Ha",
        "categoria": "REC-HIDRICO"
      },
      "geometry": {
        "type": "MultiPolygon",
        "coordinates": [
          [
            [
              [
                -74.27993236005507,
                4.783838587585643
              ],
              [
                -74.27977570104976,
                4.783701693968856
              ],
              [
                -74.2797793613069,
                4.783689981146029
              ],
              [
                -74.27993382415792,
                4.78382614271139
              ],
              [
                -74.27993236005507,
                4.783838587585643
              ]
            ]
          ]
        ]
      }
    },
    {
      "type": "Feature",
      "properties": {
        "id": 67,
        "AREA": 0.00478593118530116,
        "etiqueta": "BLOQUE 67\n0.005 Ha",
        "categoria": "REC-HIDRICO"
      },
      "geometry": {
        "type": "MultiPolygon",
        "coordinates": [
          [
            [
              [
                -74.28013989663448,
                4.785056355133904
              ],
              [
                -74.27997426999913,
                4.784889447408624
              ],
              [
                -74.27985384753948,
                4.78451244092389
              ],
              [
                -74.27983005586813,
                4.784523787721003
              ],
              [
                -74.27982566355956,
                4.784518663361016
              ],
              [
                -74.27985604369377,
                4.784502558229629
              ],
              [
                -74.27998159051347,
                4.784889813434336
              ],
              [
                -74.28014428894303,
                4.7850521458382
              ],
              [
                -74.28013989663448,
                4.785056355133904
              ]
            ]
          ]
        ]
      }
    },
    {
      "type": "Feature",
      "properties": {
        "id": 68,
        "AREA": 0.006383764562757278,
        "etiqueta": "BLOQUE 68\n0.006 Ha",
        "categoria": "REC-HIDRICO"
      },
      "geometry": {
        "type": "MultiPolygon",
        "coordinates": [
          [
            [
              [
                -74.28524421671334,
                4.78765632728214
              ],
              [
                -74.28476673617027,
                4.787495458981134
              ],
              [
                -74.28454474157513,
                4.787280967913119
              ],
              [
                -74.2845491338837,
                4.787276575604559
              ],
              [
                -74.28477204354313,
                4.787489602569718
              ],
              [
                -74.2852456808162,
                4.787651751960723
              ],
              [
                -74.28524421671334,
                4.78765632728214
              ]
            ]
          ]
        ]
      }
    },
    {
      "type": "Feature",
      "properties": {
        "id": 69,
        "AREA": 0.021653205893549604,
        "etiqueta": "BLOQUE 69\n0.022 Ha",
        "categoria": "REC-HIDRICO"
      },
      "geometry": {
        "type": "MultiPolygon",
        "coordinates": [
          [
            [
              [
                -74.28436136269278,
                4.787266326884589
              ],
              [
                -74.28287676239947,
                4.785784654797017
              ],
              [
                -74.28288188675945,
                4.785778798385603
              ],
              [
                -74.28436904923275,
                4.787261202524602
              ],
              [
                -74.28436136269278,
                4.787266326884589
              ]
            ]
          ]
        ]
      }
    },
    {
      "type": "Feature",
      "properties": {
        "id": 70,
        "AREA": 0.015770192295190645,
        "etiqueta": "BLOQUE 70\n0.016 Ha",
        "categoria": "REC-HIDRICO"
      },
      "geometry": {
        "type": "MultiPolygon",
        "coordinates": [
          [
            [
              [
                -74.28276475853121,
                4.785722430425752
              ],
              [
                -74.2821079253887,
                4.785066146321746
              ],
              [
                -74.28204716512029,
                4.785118304985897
              ],
              [
                -74.2820078173561,
                4.785085545684553
              ],
              [
                -74.28199976479041,
                4.785090304018826
              ],
              [
                -74.28198658786474,
                4.785091585108823
              ],
              [
                -74.28197652215762,
                4.785088839915973
              ],
              [
                -74.281543147713,
                4.785531914041963
              ],
              [
                -74.28153802335301,
                4.78552605763055
              ],
              [
                -74.2819763391447,
                4.785081336388848
              ],
              [
                -74.28198091446612,
                4.785083898568842
              ],
              [
                -74.2819886010061,
                4.785087009787405
              ],
              [
                -74.2819992157518,
                4.785086460748835
              ],
              [
                -74.28200873242034,
                4.785079872285995
              ],
              [
                -74.28204588403024,
                4.785111533510197
              ],
              [
                -74.28210847442722,
                4.785058093756052
              ],
              [
                -74.28277207904549,
                4.785714377860058
              ],
              [
                -74.28276475853121,
                4.785722430425752
              ]
            ]
          ]
        ]
      }
    },
    {
      "type": "Feature",
      "properties": {
        "id": 71,
        "AREA": 0.021247613998979797,
        "etiqueta": "BLOQUE 71\n0.021 Ha",
        "categoria": "REC-HIDRICO"
      },
      "geometry": {
        "type": "MultiPolygon",
        "coordinates": [
          [
            [
              [
                -74.28247816039776,
                4.786856835617805
              ],
              [
                -74.28266263735728,
                4.786666502246871
              ],
              [
                -74.28066340491102,
                4.784661413389232
              ],
              [
                -74.28066999337388,
                4.784657753132099
              ],
              [
                -74.2826699578715,
                4.786667600324012
              ],
              [
                -74.28247816039776,
                4.786856835617805
              ]
            ]
          ]
        ]
      }
    },
    {
      "type": "Feature",
      "properties": {
        "id": 72,
        "AREA": 0.019830944273723436,
        "etiqueta": "BLOQUE 72\n0.02 Ha",
        "categoria": "REC-HIDRICO"
      },
      "geometry": {
        "type": "MultiPolygon",
        "coordinates": [
          [
            [
              [
                -74.28209785968157,
                4.78665222724405
              ],
              [
                -74.2814715896861,
                4.786472691631661
              ],
              [
                -74.28141998006053,
                4.786565662162849
              ],
              [
                -74.28141522172625,
                4.786564198059994
              ],
              [
                -74.28146426917183,
                4.786466835220248
              ],
              [
                -74.28017878686659,
                4.785186843300718
              ],
              [
                -74.28018354520087,
                4.785183549069298
              ],
              [
                -74.28146975955748,
                4.786463724001684
              ],
              [
                -74.2820989577587,
                4.786646004806923
              ],
              [
                -74.28209785968157,
                4.78665222724405
              ]
            ]
          ]
        ]
      }
    },
    {
      "type": "Feature",
      "properties": {
        "id": 73,
        "AREA": 0.0007226887794662616,
        "etiqueta": "BLOQUE 73\n0.001 Ha",
        "categoria": "REC-HIDRICO"
      },
      "geometry": {
        "type": "MultiPolygon",
        "coordinates": [
          [
            [
              [
                -74.28017878686659,
                4.785186843300718
              ],
              [
                -74.28018235561728,
                4.785189954519282
              ],
              [
                -74.28012058877819,
                4.785260048443385
              ],
              [
                -74.2801183926239,
                4.785250165749125
              ],
              [
                -74.28017878686659,
                4.785186843300718
              ]
            ]
          ]
        ]
      }
    },
    {
      "type": "Feature",
      "properties": {
        "id": 74,
        "AREA": 0.009785330502935176,
        "etiqueta": "BLOQUE 74\n0.01 Ha",
        "categoria": "REC-HIDRICO"
      },
      "geometry": {
        "type": "MultiPolygon",
        "coordinates": [
          [
            [
              [
                -74.28229816725332,
                4.784498165921086
              ],
              [
                -74.28167775366921,
                4.784518114322461
              ],
              [
                -74.28124840550744,
                4.784096086674986
              ],
              [
                -74.28125206576458,
                4.784090596289286
              ],
              [
                -74.28167885174635,
                4.784510061756768
              ],
              [
                -74.28229761821476,
                4.784493041561099
              ],
              [
                -74.28229816725332,
                4.784498165921086
              ]
            ]
          ]
        ]
      }
    },
    {
      "type": "Feature",
      "properties": {
        "id": 79,
        "AREA": 0.014636287037070725,
        "etiqueta": "BLOQUE 79\n0.015 Ha",
        "categoria": "REC-HIDRICO"
      },
      "geometry": {
        "type": "MultiPolygon",
        "coordinates": [
          [
            [
              [
                -74.28183679184164,
                4.785130292328011
              ],
              [
                -74.28183258254593,
                4.785133220533718
              ],
              [
                -74.28176651490469,
                4.785071728213877
              ],
              [
                -74.28168123091343,
                4.784657387106383
              ],
              [
                -74.28118439676084,
                4.784168056480868
              ],
              [
                -74.2806801505875,
                4.78466855089064
              ],
              [
                -74.28067502622751,
                4.78466306050494
              ],
              [
                -74.28118467128012,
                4.784163206640167
              ],
              [
                -74.28168635527344,
                4.784653360823536
              ],
              [
                -74.28177639759895,
                4.785061845519617
              ],
              [
                -74.28183679184164,
                4.785130292328011
              ]
            ]
          ]
        ]
      }
    },
    {
      "type": "Feature",
      "properties": {
        "id": 75,
        "AREA": 0.019047291190188845,
        "etiqueta": "BLOQUE 75\n0.019 Ha",
        "categoria": "REC-HIDRICO"
      },
      "geometry": {
        "type": "MultiPolygon",
        "coordinates": [
          [
            [
              [
                -74.28275199338464,
                4.781750273631448
              ],
              [
                -74.28264950618491,
                4.781742221065755
              ],
              [
                -74.28256605232227,
                4.781770771071395
              ],
              [
                -74.28245844076254,
                4.781793464665622
              ],
              [
                -74.28209932378424,
                4.781854911232186
              ],
              [
                -74.28180911114708,
                4.781947195465222
              ],
              [
                -74.28168393035313,
                4.782006491630781
              ],
              [
                -74.28145187005087,
                4.782062127539208
              ],
              [
                -74.28145113799944,
                4.782122887807621
              ],
              [
                -74.28141819568525,
                4.782143385247569
              ],
              [
                -74.28141912978447,
                4.782133662897819
              ],
              [
                -74.28144235338233,
                4.782116299344782
              ],
              [
                -74.28144088927948,
                4.782063591642062
              ],
              [
                -74.2814225879938,
                4.782024792916449
              ],
              [
                -74.28143356876521,
                4.782018204453609
              ],
              [
                -74.28145187005087,
                4.782052610870662
              ],
              [
                -74.28168191721171,
                4.781999903167942
              ],
              [
                -74.28180087556855,
                4.781932005398119
              ],
              [
                -74.28210284678204,
                4.781845257304059
              ],
              [
                -74.2824622840325,
                4.781783398958504
              ],
              [
                -74.28253219494374,
                4.781761071389991
              ],
              [
                -74.28264493086346,
                4.781731789332924
              ],
              [
                -74.28275199338464,
                4.781750273631448
              ]
            ]
          ]
        ]
      }
    },
    {
      "type": "Feature",
      "properties": {
        "id": 76,
        "AREA": 0.02213776085525751,
        "etiqueta": "BLOQUE 76\n0.022 Ha",
        "categoria": "REC-HIDRICO"
      },
      "geometry": {
        "type": "MultiPolygon",
        "coordinates": [
          [
            [
              [
                -74.2921963718529,
                4.779385930536172
              ],
              [
                -74.29220680358573,
                4.779374583739059
              ],
              [
                -74.29221613724143,
                4.779382270279039
              ],
              [
                -74.29219655486575,
                4.779401852654702
              ],
              [
                -74.2909154648691,
                4.778110330925205
              ],
              [
                -74.29092351743479,
                4.778106304642359
              ],
              [
                -74.2921963718529,
                4.779385930536172
              ]
            ]
          ]
        ]
      }
    },
    {
      "type": "Feature",
      "properties": {
        "id": 77,
        "AREA": 0.03397134923749254,
        "etiqueta": "BLOQUE 77\n0.034 Ha",
        "categoria": "REC-HIDRICO"
      },
      "geometry": {
        "type": "MultiPolygon",
        "coordinates": [
          [
            [
              [
                -74.29357976603647,
                4.781232347247086
              ],
              [
                -74.29297399348087,
                4.780633529180071
              ],
              [
                -74.2930431723407,
                4.78056654647453
              ],
              [
                -74.2930073018208,
                4.78052042723465
              ],
              [
                -74.29308123901488,
                4.780442829783424
              ],
              [
                -74.2921778875544,
                4.779535452040071
              ],
              [
                -74.29218484204296,
                4.779527399474378
              ],
              [
                -74.29309221978633,
                4.780441365680572
              ],
              [
                -74.29301828259224,
                4.780521891337505
              ],
              [
                -74.29305451913785,
                4.780566180448819
              ],
              [
                -74.29298936656089,
                4.780633529180073
              ],
              [
                -74.2935933089879,
                4.781217706218555
              ],
              [
                -74.29357976603647,
                4.781232347247086
              ]
            ]
          ]
        ]
      }
    },
    {
      "type": "Feature",
      "properties": {
        "id": 78,
        "AREA": 0.0011489087678783108,
        "etiqueta": "BLOQUE 78\n0.001 Ha",
        "categoria": "REC-HIDRICO"
      },
      "geometry": {
        "type": "MultiPolygon",
        "coordinates": [
          [
            [
              [
                -74.292132500366,
                4.779486770620201
              ],
              [
                -74.29211200292605,
                4.779468103308821
              ],
              [
                -74.29218337794015,
                4.779394898166154
              ],
              [
                -74.29218813627442,
                4.779402584706134
              ],
              [
                -74.29212408177459,
                4.779467371257394
              ],
              [
                -74.292132500366,
                4.779486770620201
              ]
            ]
          ]
        ]
      }
    },
    {
      "type": "Feature",
      "properties": {
        "id": 80,
        "AREA": 0.0478531085643117,
        "etiqueta": "BLOQUE 80\n0.048 Ha",
        "categoria": "REC-HIDRICO"
      },
      "geometry": {
        "type": "MultiPolygon",
        "coordinates": [
          [
            [
              [
                -74.29165808965979,
                4.784569997288183
              ],
              [
                -74.29156685073686,
                4.784479171678627
              ],
              [
                -74.29156065103655,
                4.784470492098192
              ],
              [
                -74.29156065103655,
                4.784465119024589
              ],
              [
                -74.29156437085673,
                4.784460985891049
              ],
              [
                -74.29162988102334,
                4.784394649097718
              ],
              [
                -74.29170985715736,
                4.784316532873801
              ],
              [
                -74.29171192372414,
                4.784311779770229
              ],
              [
                -74.29173775580877,
                4.784287187625662
              ],
              [
                -74.2917418889423,
                4.784285741028922
              ],
              [
                -74.2917464353892,
                4.784285121058891
              ],
              [
                -74.29175222177615,
                4.784286980968985
              ],
              [
                -74.29175738819308,
                4.784289874162464
              ],
              [
                -74.29176544780348,
                4.78429566054942
              ],
              [
                -74.2918408774906,
                4.784373570116662
              ],
              [
                -74.29184335737072,
                4.784379769816973
              ],
              [
                -74.29184335737072,
                4.784383489637159
              ],
              [
                -74.2918427374007,
                4.784387829427377
              ],
              [
                -74.2917544949996,
                4.784476691798502
              ],
              [
                -74.29166738921025,
                4.7845630742895
              ],
              [
                -74.29166139616662,
                4.784567517408057
              ],
              [
                -74.29165808965979,
                4.784569997288183
              ]
            ]
          ]
        ]
      }
    },
    {
      "type": "Feature",
      "properties": {
        "id": 81,
        "AREA": 0.04480873201929116,
        "etiqueta": "BLOQUE 81\n0.045 Ha",
        "categoria": "REC-HIDRICO"
      },
      "geometry": {
        "type": "MultiPolygon",
        "coordinates": [
          [
            [
              [
                -74.29150976182983,
                4.784415883071286
              ],
              [
                -74.29150593868131,
                4.784416089727963
              ],
              [
                -74.29150097892105,
                4.784412989877808
              ],
              [
                -74.29149648413834,
                4.784409580042636
              ],
              [
                -74.29143521043359,
                4.784350476233005
              ],
              [
                -74.291423431003,
                4.784336423578967
              ],
              [
                -74.29141743795937,
                4.784328363968562
              ],
              [
                -74.29141495807924,
                4.784322577581606
              ],
              [
                -74.29141475142256,
                4.784319064418096
              ],
              [
                -74.29141599136263,
                4.784316584537971
              ],
              [
                -74.29146579562178,
                4.784266160308776
              ],
              [
                -74.29151373997085,
                4.784218009303028
              ],
              [
                -74.29155197145612,
                4.784178951191068
              ],
              [
                -74.29157119052708,
                4.784161798686875
              ],
              [
                -74.29157904348081,
                4.784154565703179
              ],
              [
                -74.29158751640456,
                4.784147952689514
              ],
              [
                -74.29158916965798,
                4.784144646182681
              ],
              [
                -74.29159268282149,
                4.784141133019172
              ],
              [
                -74.29159598932831,
                4.784140719705817
              ],
              [
                -74.29159846920844,
                4.784142166302557
              ],
              [
                -74.29167617211901,
                4.78421573607958
              ],
              [
                -74.29168650495286,
                4.784225035630047
              ],
              [
                -74.29168960480301,
                4.784233301897128
              ],
              [
                -74.29168960480301,
                4.784235781777253
              ],
              [
                -74.29168009859586,
                4.784247561207843
              ],
              [
                -74.29164455364742,
                4.784284552753032
              ],
              [
                -74.29159598932829,
                4.784333943698844
              ],
              [
                -74.29153616222035,
                4.784391807568412
              ],
              [
                -74.29151973301454,
                4.784409683370975
              ],
              [
                -74.29151270668751,
                4.784414953116239
              ],
              [
                -74.29150976182983,
                4.784415883071286
              ]
            ]
          ]
        ]
      }
    },
    {
      "type": "Feature",
      "properties": {
        "id": 1,
        "NAVES": 36,
        "AREA": 0.473723307601502,
        "etiqueta": "BLOQUE 1\n36 NAVES\n0.474 Ha",
        "categoria": "BLOQUES-LN1"
      },
      "geometry": {
        "type": "MultiPolygon",
        "coordinates": [
          [
            [
              [
                -74.29298434560856,
                4.780358730804037
              ],
              [
                -74.29307267168886,
                4.780446381729939
              ],
              [
                -74.29299387719996,
                4.78052485849912
              ],
              [
                -74.29303502190282,
                4.780566519496523
              ],
              [
                -74.29295765715264,
                4.780645790564989
              ],
              [
                -74.29356323092614,
                4.781253270656791
              ],
              [
                -74.29332589430031,
                4.781490607282615
              ],
              [
                -74.29301508499083,
                4.781181426286621
              ],
              [
                -74.29258711653704,
                4.780755364151105
              ],
              [
                -74.29298434560856,
                4.780358730804037
              ]
            ]
          ]
        ]
      }
    },
    {
      "type": "Feature",
      "properties": {
        "id": 2,
        "NAVES": 36,
        "AREA": 0.720169402005151,
        "etiqueta": "BLOQUE 2\n36 NAVES\n0.72 Ha",
        "categoria": "BLOQUES-LN1"
      },
      "geometry": {
        "type": "MultiPolygon",
        "coordinates": [
          [
            [
              [
                -74.29293621107202,
                4.78030483759767
              ],
              [
                -74.29253723454205,
                4.780707865053973
              ],
              [
                -74.29180052195686,
                4.779970755319153
              ],
              [
                -74.29219707587401,
                4.77957396311222
              ],
              [
                -74.29293621107202,
                4.78030483759767
              ]
            ]
          ]
        ]
      }
    },
    {
      "type": "Feature",
      "properties": {
        "id": 3,
        "NAVES": 36,
        "AREA": 0.862013486932963,
        "etiqueta": "BLOQUE 3\n36 NAVES\n0.862 Ha",
        "categoria": "BLOQUES-LN1"
      },
      "geometry": {
        "type": "MultiPolygon",
        "coordinates": [
          [
            [
              [
                -74.29328538503685,
                4.781532625714696
              ],
              [
                -74.29281007634576,
                4.782010793883191
              ],
              [
                -74.29207403891493,
                4.78127713935025
              ],
              [
                -74.29254938732097,
                4.780795635124766
              ],
              [
                -74.29328538503685,
                4.781532625714696
              ]
            ]
          ]
        ]
      }
    },
    {
      "type": "Feature",
      "properties": {
        "id": 4,
        "NAVES": 36,
        "AREA": 0.862318641677871,
        "etiqueta": "BLOQUE 4\n36 NAVES\n0.862 Ha",
        "categoria": "BLOQUES-LN1"
      },
      "geometry": {
        "type": "MultiPolygon",
        "coordinates": [
          [
            [
              [
                -74.29250029962526,
                4.780746865148775
              ],
              [
                -74.29202340233557,
                4.781226145336265
              ],
              [
                -74.2912858160212,
                4.780487605862734
              ],
              [
                -74.29175985383345,
                4.78001229717166
              ],
              [
                -74.29250029962526,
                4.780746865148775
              ]
            ]
          ]
        ]
      }
    },
    {
      "type": "Feature",
      "properties": {
        "id": 5,
        "NAVES": 36,
        "AREA": 0.860383113274351,
        "etiqueta": "BLOQUE 5\n36 NAVES\n0.86 Ha",
        "categoria": "BLOQUES-LN1"
      },
      "geometry": {
        "type": "MultiPolygon",
        "coordinates": [
          [
            [
              [
                -74.29276948765232,
                4.78205436119887
              ],
              [
                -74.29229584698967,
                4.782529511030089
              ],
              [
                -74.29155730751617,
                4.781795578492397
              ],
              [
                -74.29203341050655,
                4.781316298304906
              ],
              [
                -74.29276948765232,
                4.78205436119887
              ]
            ]
          ]
        ]
      }
    },
    {
      "type": "Feature",
      "properties": {
        "id": 6,
        "NAVES": 36,
        "AREA": 0.861028422179073,
        "etiqueta": "BLOQUE 6\n36 NAVES\n0.861 Ha",
        "categoria": "BLOQUES-LN1"
      },
      "geometry": {
        "type": "MultiPolygon",
        "coordinates": [
          [
            [
              [
                -74.29198352851152,
                4.781268004908489
              ],
              [
                -74.2915080609606,
                4.781743790179132
              ],
              [
                -74.29077095122578,
                4.781010810800582
              ],
              [
                -74.29124546561755,
                4.780530418594093
              ],
              [
                -74.29198352851152,
                4.781268004908489
              ]
            ]
          ]
        ]
      }
    },
    {
      "type": "Feature",
      "properties": {
        "id": 7,
        "NAVES": 36,
        "AREA": 0.856224731134996,
        "etiqueta": "BLOQUE 7\n36 NAVES\n0.856 Ha",
        "categoria": "BLOQUES-LN1"
      },
      "geometry": {
        "type": "MultiPolygon",
        "coordinates": [
          [
            [
              [
                -74.2922529548284,
                4.782571132312525
              ],
              [
                -74.29178201478331,
                4.78304858561167
              ],
              [
                -74.29104482561857,
                4.782313461625054
              ],
              [
                -74.29151679825272,
                4.78183656433541
              ],
              [
                -74.2922529548284,
                4.782571132312525
              ]
            ]
          ]
        ]
      }
    },
    {
      "type": "Feature",
      "properties": {
        "id": 8,
        "NAVES": 36,
        "AREA": 0.855544221707433,
        "etiqueta": "BLOQUE 8\n36 NAVES\n0.856 Ha",
        "categoria": "BLOQUES-LN1"
      },
      "geometry": {
        "type": "MultiPolygon",
        "coordinates": [
          [
            [
              [
                -74.29146778998688,
                4.781785014311934
              ],
              [
                -74.29099367274472,
                4.782262467611072
              ],
              [
                -74.29026013735665,
                4.781527979063886
              ],
              [
                -74.29073020367247,
                4.781051399493956
              ],
              [
                -74.29146778998688,
                4.781785014311934
              ]
            ]
          ]
        ]
      }
    },
    {
      "type": "Feature",
      "properties": {
        "id": 9,
        "NAVES": 36,
        "AREA": 0.861554615294933,
        "etiqueta": "BLOQUE 9\n36 NAVES\n0.862 Ha",
        "categoria": "BLOQUES-LN1"
      },
      "geometry": {
        "type": "MultiPolygon",
        "coordinates": [
          [
            [
              [
                -74.29169551559139,
                4.783135720243037
              ],
              [
                -74.29122068347986,
                4.78361357069182
              ],
              [
                -74.29048309716546,
                4.782877970125636
              ],
              [
                -74.2909597561653,
                4.782399563667357
              ],
              [
                -74.29169551559139,
                4.783135720243037
              ]
            ]
          ]
        ]
      }
    },
    {
      "type": "Feature",
      "properties": {
        "id": 10,
        "NAVES": 36,
        "AREA": 0.8578558966849,
        "etiqueta": "BLOQUE 10\n36 NAVES\n0.858 Ha",
        "categoria": "BLOQUES-LN1"
      },
      "geometry": {
        "type": "MultiPolygon",
        "coordinates": [
          [
            [
              [
                -74.29090709412283,
                4.782349761102299
              ],
              [
                -74.29043361232009,
                4.782826261242299
              ],
              [
                -74.28969793232395,
                4.782091693265182
              ],
              [
                -74.29017165241643,
                4.781613683956545
              ],
              [
                -74.29090709412283,
                4.782349761102299
              ]
            ]
          ]
        ]
      }
    },
    {
      "type": "Feature",
      "properties": {
        "id": 11,
        "NAVES": 36,
        "AREA": 0.86027651293762,
        "etiqueta": "BLOQUE 1136 NAVES0.86 Ha",
        "categoria": "BLOQUES-LN1"
      },
      "geometry": {
        "type": "MultiPolygon",
        "coordinates": [
          [
            [
              [
                -74.291180491936,
                4.783654000525337
              ],
              [
                -74.29070621583399,
                4.784132168693829
              ],
              [
                -74.28996910609919,
                4.783397282997002
              ],
              [
                -74.290442508472,
                4.782918479389079
              ],
              [
                -74.291180491936,
                4.783654000525337
              ]
            ]
          ]
        ]
      }
    },
    {
      "type": "Feature",
      "properties": {
        "id": 12,
        "NAVES": 36,
        "AREA": 0.861627341901511,
        "etiqueta": "BLOQUE 12\n36 NAVES\n0.862 Ha",
        "categoria": "BLOQUES-LN1"
      },
      "geometry": {
        "type": "MultiPolygon",
        "coordinates": [
          [
            [
              [
                -74.29039294419673,
                4.782868279674379
              ],
              [
                -74.28992033612319,
                4.783348671880865
              ],
              [
                -74.28918370296795,
                4.7826117210059
              ],
              [
                -74.2896564699013,
                4.782131011079699
              ],
              [
                -74.29039294419673,
                4.782868279674379
              ]
            ]
          ]
        ]
      }
    },
    {
      "type": "Feature",
      "properties": {
        "id": 14,
        "NAVES": 36,
        "AREA": 0.862117297580838,
        "etiqueta": "BLOQUE 14\n36 NAVES\n0.862 Ha",
        "categoria": "BLOQUES-LN1"
      },
      "geometry": {
        "type": "MultiPolygon",
        "coordinates": [
          [
            [
              [
                -74.2906646342665,
                4.784172797102163
              ],
              [
                -74.29019147018353,
                4.784651600710087
              ],
              [
                -74.28945189812093,
                4.783915126414689
              ],
              [
                -74.28992879541056,
                4.783436799386337
              ],
              [
                -74.2906646342665,
                4.784172797102163
              ]
            ]
          ]
        ]
      }
    },
    {
      "type": "Feature",
      "properties": {
        "id": 15,
        "NAVES": 36,
        "AREA": 0.861937479178607,
        "etiqueta": "BLOQUE 15\n36 NAVES\n0.862 Ha",
        "categoria": "BLOQUES-LN1"
      },
      "geometry": {
        "type": "MultiPolygon",
        "coordinates": [
          [
            [
              [
                -74.28987835740607,
                4.78338850598992
              ],
              [
                -74.2894038430143,
                4.783867468457697
              ],
              [
                -74.28866768643861,
                4.783129723283449
              ],
              [
                -74.28914267740997,
                4.782650919675527
              ],
              [
                -74.28987835740607,
                4.78338850598992
              ]
            ]
          ]
        ]
      }
    },
    {
      "type": "Feature",
      "properties": {
        "id": 17,
        "NAVES": 36,
        "AREA": 0.865641291991249,
        "etiqueta": "BLOQUE 17\n36 NAVES\n0.866 Ha",
        "categoria": "BLOQUES-LN1"
      },
      "geometry": {
        "type": "MultiPolygon",
        "coordinates": [
          [
            [
              [
                -74.29015160180226,
                4.7846909925688
              ],
              [
                -74.28967669026086,
                4.785170828765757
              ],
              [
                -74.28893719762823,
                4.784435307629547
              ],
              [
                -74.28941520693682,
                4.783953644544235
              ],
              [
                -74.29015160180226,
                4.7846909925688
              ]
            ]
          ]
        ]
      }
    },
    {
      "type": "Feature",
      "properties": {
        "id": 18,
        "NAVES": 28,
        "AREA": 0.668398371718824,
        "etiqueta": "BLOQUE 18\n28 NAVES\n0.668 Ha",
        "categoria": "BLOQUES-LN1"
      },
      "geometry": {
        "type": "MultiPolygon",
        "coordinates": [
          [
            [
              [
                -74.28936468950245,
                4.783906939746387
              ],
              [
                -74.28888906309164,
                4.784384154755711
              ],
              [
                -74.28831716760779,
                4.78381337129083
              ],
              [
                -74.28879025226087,
                4.783335044262507
              ],
              [
                -74.28936468950245,
                4.783906939746387
              ]
            ]
          ]
        ]
      }
    },
    {
      "type": "Feature",
      "properties": {
        "id": 20,
        "NAVES": 36,
        "AREA": 0.865273209019005,
        "etiqueta": "BLOQUE 20\n36 NAVES\n0.865 Ha",
        "categoria": "BLOQUES-LN1"
      },
      "geometry": {
        "type": "MultiPolygon",
        "coordinates": [
          [
            [
              [
                -74.2896395170544,
                4.785209590570775
              ],
              [
                -74.28916063401657,
                4.785689982777228
              ],
              [
                -74.28842543060004,
                4.784954064491377
              ],
              [
                -74.2889004215714,
                4.784473275135278
              ],
              [
                -74.2896395170544,
                4.785209590570775
              ]
            ]
          ]
        ]
      }
    },
    {
      "type": "Feature",
      "properties": {
        "id": 21,
        "NAVES": 36,
        "AREA": 0.83896511520464,
        "etiqueta": "BLOQUE 2136 NAVES0.839 Ha",
        "categoria": "BLOQUES-LN1"
      },
      "geometry": {
        "type": "MultiPolygon",
        "coordinates": [
          [
            [
              [
                -74.28884990413702,
                4.784425855468069
              ],
              [
                -74.2883766606241,
                4.784904341356248
              ],
              [
                -74.28763637369218,
                4.784169137939752
              ],
              [
                -74.28803304675421,
                4.783769287680606
              ],
              [
                -74.28816045235921,
                4.783894945827201
              ],
              [
                -74.28823575193124,
                4.783811385542612
              ],
              [
                -74.28884990413702,
                4.784425855468069
              ]
            ]
          ]
        ]
      }
    },
    {
      "type": "Feature",
      "properties": {
        "id": 3,
        "categoria": "CABLEVIA",
        "etiqueta": "CABLEVIA 3"
      },
      "geometry": {
        "type": "MultiPolygon",
        "coordinates": [
          [
            [
              [
                -74.29279006556,
                4.780483092611894
              ],
              [
                -74.29278530722571,
                4.780487850946169
              ],
              [
                -74.29279372581712,
                4.780489315049022
              ],
              [
                -74.29282117774562,
                4.780514570823241
              ],
              [
                -74.29281129505137,
                4.780527015697495
              ],
              [
                -74.29279518991999,
                4.780507616334688
              ],
              [
                -74.29278164696859,
                4.780501027871848
              ],
              [
                -74.29277359440289,
                4.780502491974701
              ],
              [
                -74.29229263661557,
                4.780991868353428
              ],
              [
                -74.29230929078551,
                4.781003398163398
              ],
              [
                -74.29232301674976,
                4.781019869320498
              ],
              [
                -74.29231166995264,
                4.781030850091899
              ],
              [
                -74.29229776097554,
                4.781013097844801
              ],
              [
                -74.29228055776701,
                4.781004130214825
              ],
              [
                -74.29178184773258,
                4.781506134480662
              ],
              [
                -74.29179868491539,
                4.781523703714902
              ],
              [
                -74.29180746953251,
                4.781537978717723
              ],
              [
                -74.29179575670969,
                4.781550057566262
              ],
              [
                -74.29178843619542,
                4.781533220383449
              ],
              [
                -74.29176830478119,
                4.781520409483482
              ],
              [
                -74.29126245724537,
                4.782028453173591
              ],
              [
                -74.29128039250531,
                4.782038701893564
              ],
              [
                -74.29129247135386,
                4.782059931384937
              ],
              [
                -74.29128112455675,
                4.782071278182051
              ],
              [
                -74.29127087583677,
                4.782050780742104
              ],
              [
                -74.29125294057683,
                4.782039067919277
              ],
              [
                -74.29095096936332,
                4.782341039132777
              ],
              [
                -74.29070170585251,
                4.78259176674641
              ],
              [
                -74.2907203731639,
                4.782602381492096
              ],
              [
                -74.29073318406387,
                4.782621414829189
              ],
              [
                -74.29072183726676,
                4.782632761626303
              ],
              [
                -74.29071012444392,
                4.78261263021207
              ],
              [
                -74.29069401931254,
                4.782601283414956
              ],
              [
                -74.29018817177672,
                4.783110425182205
              ],
              [
                -74.29020610703667,
                4.783119209799325
              ],
              [
                -74.29021891793664,
                4.783140073264985
              ],
              [
                -74.29020866921667,
                4.783149589933531
              ],
              [
                -74.29019219805957,
                4.783132386725004
              ],
              [
                -74.29017572690246,
                4.783122504030745
              ],
              [
                -74.28967719988091,
                4.783625789386576
              ],
              [
                -74.28969367103801,
                4.783639698363683
              ],
              [
                -74.28970282168085,
                4.783659829777917
              ],
              [
                -74.28969001078087,
                4.783670810549316
              ],
              [
                -74.28967866398376,
                4.783653241315077
              ],
              [
                -74.28966146077524,
                4.783641894517963
              ],
              [
                -74.28916476388225,
                4.784143349745233
              ],
              [
                -74.28917794080793,
                4.78415945487662
              ],
              [
                -74.28919001965647,
                4.784180684367993
              ],
              [
                -74.28917611067936,
                4.784191665139393
              ],
              [
                -74.28916403183082,
                4.78417482795658
              ],
              [
                -74.28914792669944,
                4.784162017056613
              ],
              [
                -74.2886472035236,
                4.784665302412447
              ],
              [
                -74.28867319134925,
                4.784696780623793
              ],
              [
                -74.28866074647499,
                4.784707761395193
              ],
              [
                -74.28863036634078,
                4.784682505620974
              ],
              [
                -74.28838988744717,
                4.784922984514634
              ],
              [
                -74.28836646180152,
                4.784938357594594
              ],
              [
                -74.28836170346725,
                4.784940553748874
              ],
              [
                -74.28835694513297,
                4.784940919774588
              ],
              [
                -74.28835145474727,
                4.784940187723161
              ],
              [
                -74.2883470624387,
                4.784936893491741
              ],
              [
                -74.28831228999594,
                4.784905049254681
              ],
              [
                -74.2883221726902,
                4.784898094766127
              ],
              [
                -74.2883551150044,
                4.784928840926048
              ],
              [
                -74.2903089602622,
                4.78295230207405
              ],
              [
                -74.29101612194036,
                4.782242944241609
              ],
              [
                -74.29184480415533,
                4.781405477409502
              ],
              [
                -74.29275620818154,
                4.780495903511866
              ],
              [
                -74.29277670562148,
                4.780472477866213
              ],
              [
                -74.29279006556,
                4.780483092611894
              ]
            ]
          ]
        ]
      }
    },
    {
      "type": "Feature",
      "properties": {
        "id": 1,
        "categoria": "CABLEVIA",
        "etiqueta": "CABLEVIA 1"
      },
      "geometry": {
        "type": "MultiPolygon",
        "coordinates": [
          [
            [
              [
                -74.28831521820167,
                4.784969835805943
              ],
              [
                -74.28832381980601,
                4.784978711929499
              ],
              [
                -74.28830460345606,
                4.785008268505852
              ],
              [
                -74.28735879301281,
                4.785964327669079
              ],
              [
                -74.28679621149142,
                4.786529471370463
              ],
              [
                -74.28626254600134,
                4.787067895194777
              ],
              [
                -74.28576163981266,
                4.787574474782028
              ],
              [
                -74.28573967826986,
                4.787592044016269
              ],
              [
                -74.28572027890706,
                4.787581246257725
              ],
              [
                -74.28570673595567,
                4.787570631512039
              ],
              [
                -74.2849702922204,
                4.786835285853952
              ],
              [
                -74.28489159669202,
                4.786758054428438
              ],
              [
                -74.28412294269401,
                4.78599086453329
              ],
              [
                -74.28413730920323,
                4.785973569818335
              ],
              [
                -74.28572302409984,
                4.787554892406361
              ],
              [
                -74.2857325407684,
                4.787560382792062
              ],
              [
                -74.28574535166835,
                4.787557454586355
              ],
              [
                -74.28575779654261,
                4.787545009712102
              ],
              [
                -74.2882897794146,
                4.784993810490166
              ],
              [
                -74.28831521820167,
                4.784969835805943
              ]
            ]
          ]
        ]
      }
    },
    {
      "type": "Feature",
      "properties": {
        "id": 4,
        "categoria": "CABLEVIA",
        "etiqueta": "CABLEVIA 4"
      },
      "geometry": {
        "type": "MultiPolygon",
        "coordinates": [
          [
            [
              [
                -74.291231162047,
                4.778765516952087
              ],
              [
                -74.29124854826838,
                4.778783452212041
              ],
              [
                -74.29118797101286,
                4.778844761519026
              ],
              [
                -74.29118998415429,
                4.778854461200429
              ],
              [
                -74.29121286076138,
                4.778876239730373
              ],
              [
                -74.29120316107996,
                4.778886488450346
              ],
              [
                -74.29118431075574,
                4.778865624984686
              ],
              [
                -74.29116729056007,
                4.778865075946116
              ],
              [
                -74.29067169174418,
                4.77936378598053
              ],
              [
                -74.29070133982701,
                4.779394806659738
              ],
              [
                -74.29068523469562,
                4.779409447688272
              ],
              [
                -74.29065741674141,
                4.779379799605492
              ],
              [
                -74.29015564124161,
                4.779883862765966
              ],
              [
                -74.29018382522156,
                4.779911406200895
              ],
              [
                -74.29016863515447,
                4.779928334890138
              ],
              [
                -74.29014255582238,
                4.779898412288073
              ],
              [
                -74.28964000251794,
                4.780403344759615
              ],
              [
                -74.28966946758787,
                4.780432718323111
              ],
              [
                -74.28965409450791,
                4.780447542364501
              ],
              [
                -74.28963378008082,
                4.780427593963124
              ],
              [
                -74.28962225027085,
                4.780421920564567
              ],
              [
                -74.28931222649166,
                4.7807330424209
              ],
              [
                -74.28907998317653,
                4.780965651761726
              ],
              [
                -74.28911091234932,
                4.780996763947359
              ],
              [
                -74.28909682035935,
                4.781012137027319
              ],
              [
                -74.28906552516086,
                4.780980475803116
              ],
              [
                -74.2885655340364,
                4.781485957313231
              ],
              [
                -74.28859518211918,
                4.781514964851013
              ],
              [
                -74.28857980903922,
                4.781529971905259
              ],
              [
                -74.28855162505928,
                4.781501330393191
              ],
              [
                -74.28805053585775,
                4.782005713826168
              ],
              [
                -74.2880794518891,
                4.782031518638957
              ],
              [
                -74.288064261822,
                4.782048721847485
              ],
              [
                -74.28803662688065,
                4.782020903893271
              ],
              [
                -74.28777619958561,
                4.782287370612581
              ],
              [
                -74.28777985984274,
                4.782306403949675
              ],
              [
                -74.28773264252573,
                4.782261382786936
              ],
              [
                -74.28773923098856,
                4.782252598169816
              ],
              [
                -74.28775204188852,
                4.782255526375522
              ],
              [
                -74.28777473548276,
                4.782247473809829
              ],
              [
                -74.28859060679775,
                4.781429772366242
              ],
              [
                -74.28941873997418,
                4.780596331816981
              ],
              [
                -74.291231162047,
                4.778765516952087
              ]
            ]
          ]
        ]
      }
    },
    {
      "type": "Feature",
      "properties": {
        "id": 2,
        "categoria": "CABLEVIA",
        "etiqueta": "CABLEVIA 2"
      },
      "geometry": {
        "type": "MultiPolygon",
        "coordinates": [
          [
            [
              [
                -74.29202886933602,
                4.77974239382778
              ],
              [
                -74.29203692190171,
                4.779733975236374
              ],
              [
                -74.29277670562148,
                4.780472477866213
              ],
              [
                -74.29276421499408,
                4.7804868901287
              ],
              [
                -74.29202886933602,
                4.77974239382778
              ]
            ]
          ]
        ]
      }
    },
    {
      "type": "Feature",
      "properties": {
        "id": 5,
        "categoria": "CABLEVIA",
        "etiqueta": "CABLEVIA 5"
      },
      "geometry": {
        "type": "MultiPolygon",
        "coordinates": [
          [
            [
              [
                -74.29282117774562,
                4.780514570823241
              ],
              [
                -74.29356105297204,
                4.781251151818141
              ],
              [
                -74.29354824207208,
                4.781262132589542
              ],
              [
                -74.29281129505137,
                4.780527015697495
              ],
              [
                -74.29282117774562,
                4.780514570823241
              ]
            ]
          ]
        ]
      }
    },
    {
      "type": "Feature",
      "properties": {
        "id": 6,
        "categoria": "CABLEVIA",
        "etiqueta": "CABLEVIA 6"
      },
      "geometry": {
        "type": "MultiPolygon",
        "coordinates": [
          [
            [
              [
                -74.29225580527824,
                4.780993835741671
              ],
              [
                -74.29151716538875,
                4.780258856109298
              ],
              [
                -74.29152302180017,
                4.780251535595031
              ],
              [
                -74.29226202771537,
                4.780985417150266
              ],
              [
                -74.29225580527824,
                4.780993835741671
              ]
            ]
          ]
        ]
      }
    },
    {
      "type": "Feature",
      "properties": {
        "id": 7,
        "categoria": "CABLEVIA",
        "etiqueta": "CABLEVIA 7"
      },
      "geometry": {
        "type": "MultiPolygon",
        "coordinates": [
          [
            [
              [
                -74.29231166995264,
                4.781030850091899
              ],
              [
                -74.29232301674976,
                4.781019869320498
              ],
              [
                -74.29305520543616,
                4.781765051919666
              ],
              [
                -74.29304861697332,
                4.781773104485359
              ],
              [
                -74.29231166995264,
                4.781030850091899
              ]
            ]
          ]
        ]
      }
    },
    {
      "type": "Feature",
      "properties": {
        "id": 8,
        "categoria": "CABLEVIA",
        "etiqueta": "CABLEVIA 8"
      },
      "geometry": {
        "type": "MultiPolygon",
        "coordinates": [
          [
            [
              [
                -74.29174684652389,
                4.781504441611773
              ],
              [
                -74.29100857266008,
                4.780770926082255
              ],
              [
                -74.29101955343148,
                4.780757749156574
              ],
              [
                -74.29176002344954,
                4.781490166608957
              ],
              [
                -74.29174684652389,
                4.781504441611773
              ]
            ]
          ]
        ]
      }
    },
    {
      "type": "Feature",
      "properties": {
        "id": 9,
        "categoria": "CABLEVIA",
        "etiqueta": "CABLEVIA 9"
      },
      "geometry": {
        "type": "MultiPolygon",
        "coordinates": [
          [
            [
              [
                -74.29180746953251,
                4.781537978717723
              ],
              [
                -74.29254441655321,
                4.782282612278323
              ],
              [
                -74.2925334357818,
                4.782290664844016
              ],
              [
                -74.29179575670969,
                4.781550057566262
              ],
              [
                -74.29180746953251,
                4.781537978717723
              ]
            ]
          ]
        ]
      }
    },
    {
      "type": "Feature",
      "properties": {
        "id": 10,
        "categoria": "CABLEVIA",
        "etiqueta": "CABLEVIA 10"
      },
      "geometry": {
        "type": "MultiPolygon",
        "coordinates": [
          [
            [
              [
                -74.29129247135386,
                4.782059931384937
              ],
              [
                -74.292025026066,
                4.782800172636976
              ],
              [
                -74.29201624144888,
                4.782808957254096
              ],
              [
                -74.29128112455675,
                4.782071278182051
              ],
              [
                -74.29129247135386,
                4.782059931384937
              ]
            ]
          ]
        ]
      }
    },
    {
      "type": "Feature",
      "properties": {
        "id": 11,
        "categoria": "CABLEVIA",
        "etiqueta": "CABLEVIA 11"
      },
      "geometry": {
        "type": "MultiPolygon",
        "coordinates": [
          [
            [
              [
                -74.29124392719376,
                4.782012485301881
              ],
              [
                -74.29123184834522,
                4.782024564150421
              ],
              [
                -74.29049613666139,
                4.781287754389484
              ],
              [
                -74.29050418922708,
                4.781281165926644
              ],
              [
                -74.29124392719376,
                4.782012485301881
              ]
            ]
          ]
        ]
      }
    },
    {
      "type": "Feature",
      "properties": {
        "id": 21,
        "categoria": "CABLEVIA",
        "etiqueta": "CABLEVIA 21"
      },
      "geometry": {
        "type": "MultiPolygon",
        "coordinates": [
          [
            [
              [
                -74.29073318406387,
                4.782621414829189
              ],
              [
                -74.29147415736739,
                4.783357080759816
              ],
              [
                -74.29146098044171,
                4.783373185891203
              ],
              [
                -74.29072183726676,
                4.782632761626303
              ],
              [
                -74.29073318406387,
                4.782621414829189
              ]
            ]
          ]
        ]
      }
    },
    {
      "type": "Feature",
      "properties": {
        "id": 12,
        "categoria": "CABLEVIA",
        "etiqueta": "CABLEVIA 12"
      },
      "geometry": {
        "type": "MultiPolygon",
        "coordinates": [
          [
            [
              [
                -74.29067292708092,
                4.782587328684676
              ],
              [
                -74.28993538526856,
                4.78185527725801
              ],
              [
                -74.28994709809139,
                4.78184210033233
              ],
              [
                -74.29068207772374,
                4.782575981887564
              ],
              [
                -74.29067292708092,
                4.782587328684676
              ]
            ]
          ]
        ]
      }
    },
    {
      "type": "Feature",
      "properties": {
        "id": 13,
        "categoria": "CABLEVIA",
        "etiqueta": "CABLEVIA 13"
      },
      "geometry": {
        "type": "MultiPolygon",
        "coordinates": [
          [
            [
              [
                -74.29021891793664,
                4.783140073264985
              ],
              [
                -74.29095092361015,
                4.783883791761306
              ],
              [
                -74.29094396912161,
                4.783890746249859
              ],
              [
                -74.29020866921667,
                4.783149589933531
              ],
              [
                -74.29021891793664,
                4.783140073264985
              ]
            ]
          ]
        ]
      }
    },
    {
      "type": "Feature",
      "properties": {
        "id": 14,
        "categoria": "CABLEVIA",
        "etiqueta": "CABLEVIA 14"
      },
      "geometry": {
        "type": "MultiPolygon",
        "coordinates": [
          [
            [
              [
                -74.29015591576079,
                4.783105255069045
              ],
              [
                -74.28942203420557,
                4.782373935693807
              ],
              [
                -74.28943008677126,
                4.78236661517954
              ],
              [
                -74.29016470037791,
                4.783096470451925
              ],
              [
                -74.29015591576079,
                4.783105255069045
              ]
            ]
          ]
        ]
      }
    },
    {
      "type": "Feature",
      "properties": {
        "id": 15,
        "categoria": "CABLEVIA",
        "etiqueta": "CABLEVIA 15"
      },
      "geometry": {
        "type": "MultiPolygon",
        "coordinates": [
          [
            [
              [
                -74.28970282168085,
                4.783659829777917
              ],
              [
                -74.29043738953435,
                4.784401718145675
              ],
              [
                -74.29042933696864,
                4.784412698917075
              ],
              [
                -74.28969001078087,
                4.783670810549316
              ],
              [
                -74.28970282168085,
                4.783659829777917
              ]
            ]
          ]
        ]
      }
    },
    {
      "type": "Feature",
      "properties": {
        "id": 16,
        "categoria": "CABLEVIA",
        "etiqueta": "CABLEVIA 16"
      },
      "geometry": {
        "type": "MultiPolygon",
        "coordinates": [
          [
            [
              [
                -74.28965226437921,
                4.783615494913436
              ],
              [
                -74.28964201565924,
                4.783626475684836
              ],
              [
                -74.288905571924,
                4.782891130026749
              ],
              [
                -74.2889165526954,
                4.782880881306775
              ],
              [
                -74.28965226437921,
                4.783615494913436
              ]
            ]
          ]
        ]
      }
    },
    {
      "type": "Feature",
      "properties": {
        "id": 17,
        "categoria": "CABLEVIA",
        "etiqueta": "CABLEVIA 17"
      },
      "geometry": {
        "type": "MultiPolygon",
        "coordinates": [
          [
            [
              [
                -74.28913909632914,
                4.784134153349225
              ],
              [
                -74.28912774953203,
                4.784146598223479
              ],
              [
                -74.28855601736778,
                4.783571571827832
              ],
              [
                -74.28856223980492,
                4.783564983364993
              ],
              [
                -74.28913909632914,
                4.784134153349225
              ]
            ]
          ]
        ]
      }
    },
    {
      "type": "Feature",
      "properties": {
        "id": 19,
        "categoria": "CABLEVIA",
        "etiqueta": "CABLEVIA 19"
      },
      "geometry": {
        "type": "MultiPolygon",
        "coordinates": [
          [
            [
              [
                -74.28917611067936,
                4.784191665139393
              ],
              [
                -74.28919001965647,
                4.784180684367993
              ],
              [
                -74.28992788174136,
                4.784915984272908
              ],
              [
                -74.28991397276427,
                4.784929893250014
              ],
              [
                -74.28917611067936,
                4.784191665139393
              ]
            ]
          ]
        ]
      }
    },
    {
      "type": "Feature",
      "properties": {
        "id": 20,
        "categoria": "CABLEVIA",
        "etiqueta": "CABLEVIA 20"
      },
      "geometry": {
        "type": "MultiPolygon",
        "coordinates": [
          [
            [
              [
                -74.28867319134925,
                4.784696780623793
              ],
              [
                -74.28940702715128,
                4.785435008734416
              ],
              [
                -74.28939824253416,
                4.78544525745439
              ],
              [
                -74.28866074647499,
                4.784707761395193
              ],
              [
                -74.28867319134925,
                4.784696780623793
              ]
            ]
          ]
        ]
      }
    },
    {
      "type": "Feature",
      "properties": {
        "id": 18,
        "categoria": "CABLEVIA",
        "etiqueta": "CABLEVIA 18"
      },
      "geometry": {
        "type": "MultiPolygon",
        "coordinates": [
          [
            [
              [
                -74.2886255622533,
                4.784652811785024
              ],
              [
                -74.28861384943048,
                4.78466342653071
              ],
              [
                -74.28787557556667,
                4.783931009078331
              ],
              [
                -74.28788655633808,
                4.783919662281217
              ],
              [
                -74.2886255622533,
                4.784652811785024
              ]
            ]
          ]
        ]
      }
    },
    {
      "type": "Feature",
      "properties": {
        "id": 22,
        "categoria": "CABLEVIA",
        "etiqueta": "CABLEVIA 22"
      },
      "geometry": {
        "type": "MultiPolygon",
        "coordinates": [
          [
            [
              [
                -74.28807341246474,
                4.785241015106349
              ],
              [
                -74.28808347817187,
                4.785233145553509
              ],
              [
                -74.2881187996532,
                4.785259682417728
              ],
              [
                -74.28884719082274,
                4.786001616538655
              ],
              [
                -74.28883694210276,
                4.786012231284342
              ],
              [
                -74.28807341246474,
                4.785241015106349
              ]
            ]
          ]
        ]
      }
    },
    {
      "type": "Feature",
      "properties": {
        "id": 23,
        "categoria": "CABLEVIA",
        "etiqueta": "CABLEVIA 23"
      },
      "geometry": {
        "type": "MultiPolygon",
        "coordinates": [
          [
            [
              [
                -74.28805364707623,
                4.785228204206379
              ],
              [
                -74.28731866744388,
                4.784489564316876
              ],
              [
                -74.28732818411243,
                4.784475655339769
              ],
              [
                -74.2880638957962,
                4.785217223434979
              ],
              [
                -74.28805364707623,
                4.785228204206379
              ]
            ]
          ]
        ]
      }
    },
    {
      "type": "Feature",
      "properties": {
        "id": 24,
        "categoria": "CABLEVIA",
        "etiqueta": "CABLEVIA 24"
      },
      "geometry": {
        "type": "MultiPolygon",
        "coordinates": [
          [
            [
              [
                -74.28755942085688,
                4.785763333799278
              ],
              [
                -74.28756893752542,
                4.785752536040735
              ],
              [
                -74.28833997069056,
                4.786516614717319
              ],
              [
                -74.28832423158488,
                4.786531621771566
              ],
              [
                -74.28755942085688,
                4.785763333799278
              ]
            ]
          ]
        ]
      }
    },
    {
      "type": "Feature",
      "properties": {
        "id": 25,
        "categoria": "CABLEVIA",
        "etiqueta": "CABLEVIA 25"
      },
      "geometry": {
        "type": "MultiPolygon",
        "coordinates": [
          [
            [
              [
                -74.28753800835264,
                4.785747594693605
              ],
              [
                -74.28704277556251,
                4.78525309395489
              ],
              [
                -74.28705265825677,
                4.78524211318349
              ],
              [
                -74.2875504532269,
                4.785735515845065
              ],
              [
                -74.28753800835264,
                4.785747594693605
              ]
            ]
          ]
        ]
      }
    },
    {
      "type": "Feature",
      "properties": {
        "id": 26,
        "categoria": "CABLEVIA",
        "etiqueta": "CABLEVIA 26"
      },
      "geometry": {
        "type": "MultiPolygon",
        "coordinates": [
          [
            [
              [
                -74.28704369062679,
                4.786282724286502
              ],
              [
                -74.28705339030819,
                4.786272658579385
              ],
              [
                -74.287820946229,
                4.787039665461674
              ],
              [
                -74.28781069750903,
                4.787049548155935
              ],
              [
                -74.28704369062679,
                4.786282724286502
              ]
            ]
          ]
        ]
      }
    },
    {
      "type": "Feature",
      "properties": {
        "id": 32,
        "categoria": "CABLEVIA",
        "etiqueta": "CABLEVIA 32"
      },
      "geometry": {
        "type": "MultiPolygon",
        "coordinates": [
          [
            [
              [
                -74.28703307588107,
                4.786256370435144
              ],
              [
                -74.28702136305824,
                4.78626698518083
              ],
              [
                -74.28628784752875,
                4.785531639522743
              ],
              [
                -74.28629809624873,
                4.78552139080277
              ],
              [
                -74.28703307588107,
                4.786256370435144
              ]
            ]
          ]
        ]
      }
    },
    {
      "type": "Feature",
      "properties": {
        "id": 27,
        "categoria": "CABLEVIA",
        "etiqueta": "CABLEVIA 27"
      },
      "geometry": {
        "type": "MultiPolygon",
        "coordinates": [
          [
            [
              [
                -74.28655577835087,
                4.786833043946499
              ],
              [
                -74.28656712514798,
                4.786821331123672
              ],
              [
                -74.28730851023036,
                4.787554297614623
              ],
              [
                -74.28729496727897,
                4.787569304668869
              ],
              [
                -74.28655577835087,
                4.786833043946499
              ]
            ]
          ]
        ]
      }
    },
    {
      "type": "Feature",
      "properties": {
        "id": 28,
        "categoria": "CABLEVIA",
        "etiqueta": "CABLEVIA 28"
      },
      "geometry": {
        "type": "MultiPolygon",
        "coordinates": [
          [
            [
              [
                -74.28651826071527,
                4.786775028870936
              ],
              [
                -74.28650874404673,
                4.78678417951377
              ],
              [
                -74.28577339838864,
                4.786047735778543
              ],
              [
                -74.28579169967432,
                4.78603309475001
              ],
              [
                -74.28651826071527,
                4.786775028870936
              ]
            ]
          ]
        ]
      }
    },
    {
      "type": "Feature",
      "properties": {
        "id": 31,
        "categoria": "CABLEVIA",
        "etiqueta": "CABLEVIA 31"
      },
      "geometry": {
        "type": "MultiPolygon",
        "coordinates": [
          [
            [
              [
                -74.28655577835087,
                4.786833043946499
              ],
              [
                -74.28652896696732,
                4.786803487370153
              ],
              [
                -74.28653848363588,
                4.786790310444474
              ],
              [
                -74.28656712514798,
                4.786821331123672
              ],
              [
                -74.28655577835087,
                4.786833043946499
              ]
            ]
          ]
        ]
      }
    },
    {
      "type": "Feature",
      "properties": {
        "id": 29,
        "categoria": "CABLEVIA",
        "etiqueta": "CABLEVIA 29"
      },
      "geometry": {
        "type": "MultiPolygon",
        "coordinates": [
          [
            [
              [
                -74.28525904075485,
                4.786567766810766
              ],
              [
                -74.28599511846438,
                4.787303478494568
              ],
              [
                -74.28598011141014,
                4.787319217600241
              ],
              [
                -74.28524293562346,
                4.78658460399358
              ],
              [
                -74.28525904075485,
                4.786567766810766
              ]
            ]
          ]
        ]
      }
    },
    {
      "type": "Feature",
      "properties": {
        "id": 30,
        "categoria": "CABLEVIA",
        "etiqueta": "CABLEVIA 30"
      },
      "geometry": {
        "type": "MultiPolygon",
        "coordinates": [
          [
            [
              [
                -74.28778653981185,
                4.785497965157123
              ],
              [
                -74.28704021338244,
                4.784746697380519
              ],
              [
                -74.28702172908392,
                4.784718147374878
              ],
              [
                -74.28698238131976,
                4.784680629739261
              ],
              [
                -74.28695785759696,
                4.784667635826438
              ],
              [
                -74.28618188308467,
                4.783890563237032
              ],
              [
                -74.28594543047387,
                4.784128113924987
              ],
              [
                -74.28671188831757,
                4.784898232025834
              ],
              [
                -74.28669724728904,
                4.784908480745808
              ],
              [
                -74.28593005739388,
                4.78414129085066
              ],
              [
                -74.2854333605009,
                4.784645674283634
              ],
              [
                -74.28619213180465,
                4.785419452641621
              ],
              [
                -74.28618334718753,
                4.785428237258741
              ],
              [
                -74.28541615729235,
                4.784661047363592
              ],
              [
                -74.28491287193653,
                4.785167992976562
              ],
              [
                -74.28568079388309,
                4.785934450820282
              ],
              [
                -74.28566908106026,
                4.785946163643109
              ],
              [
                -74.28490225719081,
                4.785178973747959
              ],
              [
                -74.2843997038864,
                4.785685919360928
              ],
              [
                -74.28517201814154,
                4.786454573358927
              ],
              [
                -74.28515664506158,
                4.786468482336034
              ],
              [
                -74.28438762503787,
                4.785696534106616
              ],
              [
                -74.28412591665283,
                4.785961902748782
              ],
              [
                -74.28413730920323,
                4.785973569818335
              ],
              [
                -74.28412294269401,
                4.78599086453329
              ],
              [
                -74.28410944549573,
                4.785979471983022
              ],
              [
                -74.28386933262779,
                4.786221048953821
              ],
              [
                -74.28463322829148,
                4.786987872823254
              ],
              [
                -74.2846200513658,
                4.787001781800361
              ],
              [
                -74.28385322749635,
                4.786236788059493
              ],
              [
                -74.28347182870309,
                4.786625141341341
              ],
              [
                -74.2840900461329,
                4.787241528642593
              ],
              [
                -74.28407375798866,
                4.787257450761123
              ],
              [
                -74.28348528014806,
                4.786666136221232
              ],
              [
                -74.28345526603957,
                4.786636854164165
              ],
              [
                -74.28336412563695,
                4.786726530463932
              ],
              [
                -74.28335497499411,
                4.786735315081052
              ],
              [
                -74.28332605896276,
                4.786752518289578
              ],
              [
                -74.28331507819136,
                4.786751054186725
              ],
              [
                -74.28261157677036,
                4.786060729691378
              ],
              [
                -74.28262511972176,
                4.786044258534278
              ],
              [
                -74.28332111761564,
                4.786739341363896
              ],
              [
                -74.28383776291003,
                4.786220865940961
              ],
              [
                -74.28313901982327,
                4.785524685034201
              ],
              [
                -74.28315000059466,
                4.785515534391368
              ],
              [
                -74.28385386804138,
                4.786206224912427
              ],
              [
                -74.28409581103786,
                4.785961719735922
              ],
              [
                -74.2833967019254,
                4.785268467034867
              ],
              [
                -74.2833743743569,
                4.785230400360681
              ],
              [
                -74.28341390513393,
                4.785254192032047
              ],
              [
                -74.284087941485,
                4.785923653061735
              ],
              [
                -74.28411191616922,
                4.785928777421721
              ],
              [
                -74.28412783828774,
                4.785927862357438
              ],
              [
                -74.28436923224571,
                4.785682625129503
              ],
              [
                -74.28367305133891,
                4.78498717627417
              ],
              [
                -74.28368622826459,
                4.784972901271351
              ],
              [
                -74.28438131109424,
                4.785671644358103
              ],
              [
                -74.28488276632153,
                4.785162868616568
              ],
              [
                -74.2841470546377,
                4.784427156932766
              ],
              [
                -74.28415840143482,
                4.784415078084226
              ],
              [
                -74.2848963092729,
                4.785150789768027
              ],
              [
                -74.28539776450016,
                4.784644576206486
              ],
              [
                -74.28466315089351,
                4.783909596574113
              ],
              [
                -74.28467559576777,
                4.783895687597006
              ],
              [
                -74.2854091112973,
                4.784635059537941
              ],
              [
                -74.28591276267885,
                4.784127747899262
              ],
              [
                -74.28517851509787,
                4.78338874198404
              ],
              [
                -74.28519205804926,
                4.783375199032647
              ],
              [
                -74.28592776973308,
                4.784113106870727
              ],
              [
                -74.28643142111467,
                4.783609821514894
              ],
              [
                -74.2856920491737,
                4.782871547651098
              ],
              [
                -74.28570669020223,
                4.782855442519711
              ],
              [
                -74.28644569611748,
                4.783598108692066
              ],
              [
                -74.2865128618359,
                4.783526733677965
              ],
              [
                -74.286525489723,
                4.783542106757925
              ],
              [
                -74.28646271631315,
                4.783606161257758
              ],
              [
                -74.2864890701645,
                4.783640201649098
              ],
              [
                -74.28647845541882,
                4.783649901330501
              ],
              [
                -74.28645502977317,
                4.783623181453428
              ],
              [
                -74.28644679419462,
                4.783621534337718
              ],
              [
                -74.28619716465815,
                4.783877203298482
              ],
              [
                -74.28699253853323,
                4.784672577173557
              ],
              [
                -74.28703170328455,
                4.78470917974489
              ],
              [
                -74.28780282795609,
                4.785480944961454
              ],
              [
                -74.28778653981185,
                4.785497965157123
              ]
            ]
          ]
        ]
      }
    },
    {
      "type": "Feature",
      "properties": {
        "id": 33,
        "categoria": "CABLEVIA",
        "etiqueta": "CABLEVIA 33"
      },
      "geometry": {
        "type": "MultiPolygon",
        "coordinates": [
          [
            [
              [
                -74.28937701304281,
                4.783894681026308
              ],
              [
                -74.28860817603191,
                4.783129321259733
              ],
              [
                -74.28856315486915,
                4.783097110996959
              ],
              [
                -74.28850568883216,
                4.783063802657045
              ],
              [
                -74.28848262921223,
                4.783042939191385
              ],
              [
                -74.28773447265418,
                4.78229478263333
              ],
              [
                -74.28709648983586,
                4.781658629943556
              ],
              [
                -74.28708624111589,
                4.781642890837882
              ],
              [
                -74.2870730641902,
                4.781643256863596
              ],
              [
                -74.28706793983021,
                4.781634838272189
              ],
              [
                -74.28707745649876,
                4.781626785706496
              ],
              [
                -74.28709136547587,
                4.781628981860775
              ],
              [
                -74.28711332701867,
                4.781644720966449
              ],
              [
                -74.28773264252573,
                4.782261382786936
              ],
              [
                -74.28777985984274,
                4.782306403949675
              ],
              [
                -74.28856827922918,
                4.783086862276982
              ],
              [
                -74.28861659462335,
                4.783119804591183
              ],
              [
                -74.28865447828467,
                4.783139569979703
              ],
              [
                -74.28939238612277,
                4.78387921643992
              ],
              [
                -74.28937701304281,
                4.783894681026308
              ]
            ]
          ]
        ]
      }
    },
    {
      "type": "Feature",
      "properties": {
        "id": 34,
        "categoria": "CABLEVIA",
        "etiqueta": "CABLEVIA 34"
      },
      "geometry": {
        "type": "MultiPolygon",
        "coordinates": [
          [
            [
              [
                -74.28773264252573,
                4.782261382786936
              ],
              [
                -74.28704634431311,
                4.781574810055202
              ],
              [
                -74.28702548084745,
                4.781563097232375
              ],
              [
                -74.28693800070198,
                4.781473786958322
              ],
              [
                -74.28694751737052,
                4.781463904264061
              ],
              [
                -74.28700498340751,
                4.781526128635329
              ],
              [
                -74.28706281547022,
                4.781558704923815
              ],
              [
                -74.28772532201137,
                4.782220845439237
              ],
              [
                -74.28773300855136,
                4.782246833264884
              ],
              [
                -74.28773923098856,
                4.782252598169816
              ],
              [
                -74.28773264252573,
                4.782261382786936
              ]
            ]
          ]
        ]
      }
    },
    {
      "type": "Feature",
      "properties": {
        "id": 35,
        "categoria": "CABLEVIA",
        "etiqueta": "CABLEVIA 35"
      },
      "geometry": {
        "type": "MultiPolygon",
        "coordinates": [
          [
            [
              [
                -74.2865128618359,
                4.783526733677965
              ],
              [
                -74.28667098494411,
                4.783368153037682
              ],
              [
                -74.28668013558695,
                4.783343995340602
              ],
              [
                -74.28606338225998,
                4.78273200034791
              ],
              [
                -74.28602421750865,
                4.782677462516624
              ],
              [
                -74.2860388585372,
                4.782653670845256
              ],
              [
                -74.28607546110854,
                4.782614140068216
              ],
              [
                -74.28612304445127,
                4.782567654802623
              ],
              [
                -74.28659247242864,
                4.782093468490999
              ],
              [
                -74.28694715134483,
                4.781738789574778
              ],
              [
                -74.28703023918176,
                4.781669976740671
              ],
              [
                -74.28706793983021,
                4.781634838272189
              ],
              [
                -74.2870730641902,
                4.781643256863596
              ],
              [
                -74.28703902379888,
                4.781678029306365
              ],
              [
                -74.28644825829757,
                4.782274651219099
              ],
              [
                -74.28614152874981,
                4.782582844869725
              ],
              [
                -74.2860836966871,
                4.782623473723905
              ],
              [
                -74.28604672809001,
                4.782662638475232
              ],
              [
                -74.28603940757576,
                4.782677279503766
              ],
              [
                -74.28667080193128,
                4.783298059113577
              ],
              [
                -74.28670740450261,
                4.783338687967758
              ],
              [
                -74.28670374424549,
                4.783356257201998
              ],
              [
                -74.28668617501124,
                4.783382245027644
              ],
              [
                -74.286525489723,
                4.783542106757925
              ],
              [
                -74.2865128618359,
                4.783526733677965
              ]
            ]
          ]
        ]
      }
    },
    {
      "type": "Feature",
      "properties": {
        "id": 37,
        "categoria": "CABLEVIA",
        "etiqueta": "CABLEVIA 37"
      },
      "geometry": {
        "type": "MultiPolygon",
        "coordinates": [
          [
            [
              [
                -74.28703023918176,
                4.781669976740671
              ],
              [
                -74.28698219830687,
                4.78170950751771
              ],
              [
                -74.28691558162706,
                4.78176770560613
              ],
              [
                -74.28668013558696,
                4.782004249723372
              ],
              [
                -74.28665332420346,
                4.782032616716156
              ],
              [
                -74.28666183430128,
                4.782007269435507
              ],
              [
                -74.28691146383778,
                4.781756541821873
              ],
              [
                -74.28703023918176,
                4.781669976740671
              ]
            ]
          ]
        ]
      }
    },
    {
      "type": "Feature",
      "properties": {
        "id": 36,
        "categoria": "CABLEVIA",
        "etiqueta": "CABLEVIA 36"
      },
      "geometry": {
        "type": "MultiPolygon",
        "coordinates": [
          [
            [
              [
                -74.28681108128589,
                4.782006811903364
              ],
              [
                -74.28679479314164,
                4.782023283060465
              ],
              [
                -74.28676935435456,
                4.781997295234818
              ],
              [
                -74.28675050403034,
                4.781983203244854
              ],
              [
                -74.2867375101175,
                4.781982288180571
              ],
              [
                -74.28676313191744,
                4.781957032406351
              ],
              [
                -74.28681108128589,
                4.782006811903364
              ]
            ]
          ]
        ]
      }
    },
    {
      "type": "Feature",
      "properties": {
        "id": 38,
        "categoria": "CABLEVIA",
        "etiqueta": "CABLEVIA 38"
      },
      "geometry": {
        "type": "MultiPolygon",
        "coordinates": [
          [
            [
              [
                -74.28772779268506,
                4.779632586113826
              ],
              [
                -74.2877861737862,
                4.779682823143001
              ],
              [
                -74.28793917253438,
                4.779836187916887
              ],
              [
                -74.28822284246225,
                4.780117112651871
              ],
              [
                -74.28824370592791,
                4.780141636374664
              ],
              [
                -74.28824736618503,
                4.780151519068924
              ],
              [
                -74.28824443797933,
                4.780164329968891
              ],
              [
                -74.28821918220511,
                4.780192147923104
              ],
              [
                -74.28799133119858,
                4.780417985788231
              ],
              [
                -74.28776357169849,
                4.780647415280671
              ],
              [
                -74.287554113484,
                4.78085723952084
              ],
              [
                -74.28748456859849,
                4.780925480439769
              ],
              [
                -74.28721370957062,
                4.781198169596201
              ],
              [
                -74.28719980059351,
                4.781210980496168
              ],
              [
                -74.28694751737052,
                4.781463904264061
              ],
              [
                -74.28693800070198,
                4.781473786958322
              ],
              [
                -74.28670877709908,
                4.781702553029174
              ],
              [
                -74.28670090754625,
                4.781693219373484
              ],
              [
                -74.28693058868133,
                4.781467381508356
              ],
              [
                -74.28615424814338,
                4.780696897381789
              ],
              [
                -74.28613448275486,
                4.780718126873162
              ],
              [
                -74.28592639713683,
                4.780926395504048
              ],
              [
                -74.2867001754948,
                4.78169395142491
              ],
              [
                -74.28670841107338,
                4.781702919054885
              ],
              [
                -74.28644697720762,
                4.781967921671338
              ],
              [
                -74.28643681999407,
                4.781957215419224
              ],
              [
                -74.28668150818349,
                4.781711063127008
              ],
              [
                -74.28666320689783,
                4.781672996452821
              ],
              [
                -74.28591834457116,
                4.780936186691878
              ],
              [
                -74.28566285862327,
                4.781192404691211
              ],
              [
                -74.2856774996518,
                4.781201921359758
              ],
              [
                -74.28643480685271,
                4.781955934329225
              ],
              [
                -74.28644688570125,
                4.781968562216336
              ],
              [
                -74.28645402320267,
                4.781990340746279
              ],
              [
                -74.28646042865265,
                4.781996929209119
              ],
              [
                -74.28645182704838,
                4.782006079851953
              ],
              [
                -74.28641613954134,
                4.781968013177766
              ],
              [
                -74.28566285862334,
                4.781219490593998
              ],
              [
                -74.28566322464906,
                4.781218026491145
              ],
              [
                -74.28565993041764,
                4.781215098285439
              ],
              [
                -74.28565444003193,
                4.781214000208299
              ],
              [
                -74.28564894964623,
                4.781214000208299
              ],
              [
                -74.28564309323482,
                4.781215098285439
              ],
              [
                -74.28563540669484,
                4.781221320722565
              ],
              [
                -74.28541213100968,
                4.781446609549121
              ],
              [
                -74.28612679621494,
                4.782156699432988
              ],
              [
                -74.28616303276057,
                4.782199158415735
              ],
              [
                -74.28611654749497,
                4.782163287895829
              ],
              [
                -74.28540499350822,
                4.781456126217667
              ],
              [
                -74.2851758614117,
                4.781681964082792
              ],
              [
                -74.28514035691751,
                4.781713442294139
              ],
              [
                -74.28513376845467,
                4.781705389728446
              ],
              [
                -74.28517439730885,
                4.781650485871445
              ],
              [
                -74.28538962042825,
                4.781440753137703
              ],
              [
                -74.28507007998051,
                4.78112029762568
              ],
              [
                -74.28501737227779,
                4.781061184472977
              ],
              [
                -74.28507758350763,
                4.781113343137126
              ],
              [
                -74.2853978560068,
                4.781431236469157
              ],
              [
                -74.28590406956837,
                4.780918983483347
              ],
              [
                -74.28571190606888,
                4.780727552035272
              ],
              [
                -74.28567200926614,
                4.780680700743965
              ],
              [
                -74.28571922658315,
                4.780721695623859
              ],
              [
                -74.28591212213408,
                4.780913127071933
              ],
              [
                -74.286152235002,
                4.780667523818284
              ],
              [
                -74.28617785680194,
                4.780686191129664
              ],
              [
                -74.28692674541144,
                4.781432517559154
              ],
              [
                -74.28693315086142,
                4.781454845127667
              ],
              [
                -74.28693919028568,
                4.7814585053848
              ],
              [
                -74.28695035406994,
                4.78144917172911
              ],
              [
                -74.28719650636218,
                4.781196980012624
              ],
              [
                -74.2871846105265,
                4.781161109492715
              ],
              [
                -74.28641064915564,
                4.780391540430431
              ],
              [
                -74.28636672607004,
                4.78034102888199
              ],
              [
                -74.28641906774705,
                4.780386782096157
              ],
              [
                -74.28711881740446,
                4.781081613283113
              ],
              [
                -74.28719394418219,
                4.781153239939878
              ],
              [
                -74.28721187944214,
                4.781181057894091
              ],
              [
                -74.28722670348353,
                4.781170077122691
              ],
              [
                -74.28753947245548,
                4.780857605546553
              ],
              [
                -74.28772523050506,
                4.780668621895422
              ],
              [
                -74.287695948448,
                4.78063860778693
              ],
              [
                -74.2871136015381,
                4.780056992928441
              ],
              [
                -74.28704625280685,
                4.779981225605781
              ],
              [
                -74.28712055602665,
                4.780049672414174
              ],
              [
                -74.28770455005224,
                4.780629457144093
              ],
              [
                -74.28773248238943,
                4.780662262198668
              ],
              [
                -74.28777418644417,
                4.780622891557878
              ],
              [
                -74.28821003156236,
                4.780184918915247
              ],
              [
                -74.28822943092518,
                4.780168996796717
              ],
              [
                -74.28823235913089,
                4.780164604488156
              ],
              [
                -74.2882340062466,
                4.780151610575333
              ],
              [
                -74.28823217611803,
                4.780141544868217
              ],
              [
                -74.28821387483235,
                4.780125256723974
              ],
              [
                -74.28777720615636,
                4.779688222022252
              ],
              [
                -74.28772779268506,
                4.779632586113826
              ]
            ]
          ]
        ]
      }
    },
    {
      "type": "Feature",
      "properties": {
        "id": 39,
        "categoria": "CABLEVIA",
        "etiqueta": "CABLEVIA 39"
      },
      "geometry": {
        "type": "MultiPolygon",
        "coordinates": [
          [
            [
              [
                -74.28514035691751,
                4.781713442294139
              ],
              [
                -74.28510334256727,
                4.781751806364236
              ],
              [
                -74.2850799169216,
                4.781775598035602
              ],
              [
                -74.28506527589307,
                4.781785480729862
              ],
              [
                -74.28366486151384,
                4.783194862739053
              ],
              [
                -74.28235238481228,
                4.784509169569204
              ],
              [
                -74.28233719474517,
                4.784494345527813
              ],
              [
                -74.2835103986628,
                4.783318716689797
              ],
              [
                -74.28350825030734,
                4.783316067656457
              ],
              [
                -74.28277097621486,
                4.78257807871814
              ],
              [
                -74.28278937376075,
                4.782565023992829
              ],
              [
                -74.2835269155731,
                4.78330329785662
              ],
              [
                -74.28379356530529,
                4.783031889790183
              ],
              [
                -74.28310012959136,
                4.782339003114842
              ],
              [
                -74.28306865138002,
                4.782300936440655
              ],
              [
                -74.28310964625992,
                4.782334610806282
              ],
              [
                -74.28380418005098,
                4.783022190108778
              ],
              [
                -74.2843081974582,
                4.782510852187252
              ],
              [
                -74.28365667168845,
                4.78185658122467
              ],
              [
                -74.28363471014563,
                4.781834711188298
              ],
              [
                -74.28360176783143,
                4.781794905891974
              ],
              [
                -74.28363791287062,
                4.781824645481182
              ],
              [
                -74.28411649149082,
                4.782305237242789
              ],
              [
                -74.28432055082598,
                4.782501060999421
              ],
              [
                -74.2848227381047,
                4.781997226605019
              ],
              [
                -74.28479546918905,
                4.781965016342245
              ],
              [
                -74.28432146589029,
                4.781492477146331
              ],
              [
                -74.28424551555477,
                4.781410121360831
              ],
              [
                -74.28430224954033,
                4.781460449896415
              ],
              [
                -74.28483518297895,
                4.781984598717908
              ],
              [
                -74.28504125545552,
                4.781778160215588
              ],
              [
                -74.28505516443263,
                4.781778526241301
              ],
              [
                -74.28509469520968,
                4.781743021747108
              ],
              [
                -74.28513376845467,
                4.781705389728446
              ],
              [
                -74.28514035691751,
                4.781713442294139
              ]
            ]
          ]
        ]
      }
    },
    {
      "type": "Feature",
      "properties": {
        "id": 40,
        "categoria": "CABLEVIA",
        "etiqueta": "CABLEVIA 40"
      },
      "geometry": {
        "type": "MultiPolygon",
        "coordinates": [
          [
            [
              [
                -74.28247106864987,
                4.784391217783086
              ],
              [
                -74.28246960454702,
                4.784400002400208
              ],
              [
                -74.28247893820271,
                4.784425990225855
              ],
              [
                -74.282580693351,
                4.784581734166877
              ],
              [
                -74.28259350425097,
                4.784606623915383
              ],
              [
                -74.28258654976241,
                4.78463041558675
              ],
              [
                -74.28257483693957,
                4.784625291226762
              ],
              [
                -74.28257849719671,
                4.784608088018236
              ],
              [
                -74.28257373886242,
                4.784586858526862
              ],
              [
                -74.2824705196113,
                4.784429467470129
              ],
              [
                -74.28245770871133,
                4.784405126760192
              ],
              [
                -74.28247106864987,
                4.784391217783086
              ]
            ]
          ]
        ]
      }
    },
    {
      "type": "Feature",
      "properties": {
        "id": 41,
        "categoria": "CABLEVIA",
        "etiqueta": "CABLEVIA 41"
      },
      "geometry": {
        "type": "MultiPolygon",
        "coordinates": [
          [
            [
              [
                -74.28233719474517,
                4.784494345527813
              ],
              [
                -74.28235238481228,
                4.784509169569204
              ],
              [
                -74.28233582214885,
                4.784524817168458
              ],
              [
                -74.28231001733606,
                4.784534333837005
              ],
              [
                -74.28223608014197,
                4.784534333837006
              ],
              [
                -74.28221356956061,
                4.784534333837006
              ],
              [
                -74.2821844705164,
                4.784524634155602
              ],
              [
                -74.2821502471122,
                4.784489312674266
              ],
              [
                -74.28150549281813,
                4.783852976971633
              ],
              [
                -74.28151793769239,
                4.783842362225947
              ],
              [
                -74.28216726730783,
                4.78448949568712
              ],
              [
                -74.28221155641914,
                4.784521339924181
              ],
              [
                -74.2823063570789,
                4.784518045692761
              ],
              [
                -74.28231953400457,
                4.78451035915278
              ],
              [
                -74.28233719474517,
                4.784494345527813
              ]
            ]
          ]
        ]
      }
    },
    {
      "type": "Feature",
      "properties": {
        "id": 42,
        "categoria": "CABLEVIA",
        "etiqueta": "CABLEVIA 42"
      },
      "geometry": {
        "type": "MultiPolygon",
        "coordinates": [
          [
            [
              [
                -74.28255726770531,
                4.781789507012715
              ],
              [
                -74.28262873422587,
                4.781854019044695
              ],
              [
                -74.2827718502798,
                4.78199603702147
              ],
              [
                -74.28297536057642,
                4.782203299081645
              ],
              [
                -74.28297581810855,
                4.782205037703783
              ],
              [
                -74.28297572660213,
                4.78220796590949
              ],
              [
                -74.28294433989723,
                4.782247954218671
              ],
              [
                -74.28282062320612,
                4.78237093885835
              ],
              [
                -74.28170827106325,
                4.783488964399726
              ],
              [
                -74.28084554845694,
                4.78436175271317
              ],
              [
                -74.28043450158083,
                4.784775544782089
              ],
              [
                -74.28039954612521,
                4.784813428443419
              ],
              [
                -74.28038673522524,
                4.78480299671059
              ],
              [
                -74.27997898258059,
                4.784391949834517
              ],
              [
                -74.27998721815914,
                4.784382616178827
              ],
              [
                -74.28040027817663,
                4.784791649913477
              ],
              [
                -74.28042589997656,
                4.784766211126401
              ],
              [
                -74.28065942438168,
                4.784533235759865
              ],
              [
                -74.28114421055182,
                4.784045969901649
              ],
              [
                -74.28165666563841,
                4.783525919578241
              ],
              [
                -74.28217037170504,
                4.783009175416641
              ],
              [
                -74.28268617763118,
                4.782490733496302
              ],
              [
                -74.28290279597871,
                4.782273759031455
              ],
              [
                -74.28293756842146,
                4.782236058382983
              ],
              [
                -74.28295623573284,
                4.782211168634476
              ],
              [
                -74.28294928124429,
                4.782190671194529
              ],
              [
                -74.28262498246228,
                4.781863810232521
              ],
              [
                -74.28255726770531,
                4.781789507012715
              ]
            ]
          ]
        ]
      }
    },
    {
      "type": "Feature",
      "properties": {
        "id": 43,
        "categoria": "CABLEVIA",
        "etiqueta": "CABLEVIA 43"
      },
      "geometry": {
        "type": "MultiPolygon",
        "coordinates": [
          [
            [
              [
                -74.28327916191853,
                4.78354432578887
              ],
              [
                -74.28327184140426,
                4.783552378354563
              ],
              [
                -74.28253612972046,
                4.782818130773615
              ],
              [
                -74.28254784254328,
                4.782806417950789
              ],
              [
                -74.28327916191853,
                4.78354432578887
              ]
            ]
          ]
        ]
      }
    },
    {
      "type": "Feature",
      "properties": {
        "id": 44,
        "categoria": "CABLEVIA",
        "etiqueta": "CABLEVIA 44"
      },
      "geometry": {
        "type": "MultiPolygon",
        "coordinates": [
          [
            [
              [
                -74.2833011234613,
                4.783559881881683
              ],
              [
                -74.28406684925356,
                4.784328535879684
              ],
              [
                -74.28405769861074,
                4.784337320496804
              ],
              [
                -74.28328977666419,
                4.783570862653083
              ],
              [
                -74.2833011234613,
                4.783559881881683
              ]
            ]
          ]
        ]
      }
    },
    {
      "type": "Feature",
      "properties": {
        "id": 45,
        "categoria": "CABLEVIA",
        "etiqueta": "CABLEVIA 45"
      },
      "geometry": {
        "type": "MultiPolygon",
        "coordinates": [
          [
            [
              [
                -74.28275501309696,
                4.784071219803211
              ],
              [
                -74.28202296167032,
                4.783336606196549
              ],
              [
                -74.28203211231315,
                4.783327821579429
              ],
              [
                -74.28276782399693,
                4.784058774928957
              ],
              [
                -74.28275501309696,
                4.784071219803211
              ]
            ]
          ]
        ]
      }
    },
    {
      "type": "Feature",
      "properties": {
        "id": 46,
        "categoria": "CABLEVIA",
        "etiqueta": "CABLEVIA 46"
      },
      "geometry": {
        "type": "MultiPolygon",
        "coordinates": [
          [
            [
              [
                -74.28244755149775,
                4.782727173383851
              ],
              [
                -74.28175100456531,
                4.782031358502805
              ],
              [
                -74.2817619853367,
                4.782021841834259
              ],
              [
                -74.28245597008917,
                4.782718388766731
              ],
              [
                -74.28244755149775,
                4.782727173383851
              ]
            ]
          ]
        ]
      }
    },
    {
      "type": "Feature",
      "properties": {
        "id": 47,
        "categoria": "CABLEVIA",
        "etiqueta": "CABLEVIA 47"
      },
      "geometry": {
        "type": "MultiPolygon",
        "coordinates": [
          [
            [
              [
                -74.28193200428053,
                4.783246014832501
              ],
              [
                -74.28131909422359,
                4.782634202852663
              ],
              [
                -74.28132714678928,
                4.782625418235543
              ],
              [
                -74.2819393247948,
                4.78323832829252
              ],
              [
                -74.28193200428053,
                4.783246014832501
              ]
            ]
          ]
        ]
      }
    },
    {
      "type": "Feature",
      "properties": {
        "id": 49,
        "categoria": "CABLEVIA",
        "etiqueta": "CABLEVIA 49"
      },
      "geometry": {
        "type": "MultiPolygon",
        "coordinates": [
          [
            [
              [
                -74.28142560770615,
                4.783756071664033
              ],
              [
                -74.28141755514046,
                4.783764856281153
              ],
              [
                -74.28072466846508,
                4.783073799734378
              ],
              [
                -74.28073308705649,
                4.783064649091545
              ],
              [
                -74.28142560770615,
                4.783756071664033
              ]
            ]
          ]
        ]
      }
    },
    {
      "type": "Feature",
      "properties": {
        "id": 48,
        "categoria": "CABLEVIA",
        "etiqueta": "CABLEVIA 48"
      },
      "geometry": {
        "type": "MultiPolygon",
        "coordinates": [
          [
            [
              [
                -74.28090182491036,
                4.784283331704089
              ],
              [
                -74.28032899466898,
                4.783713063642719
              ],
              [
                -74.28033631518325,
                4.783705194089882
              ],
              [
                -74.28090951145035,
                4.784274547086969
              ],
              [
                -74.28090182491036,
                4.784283331704089
              ]
            ]
          ]
        ]
      }
    },
    {
      "type": "Feature",
      "properties": {
        "id": 50,
        "categoria": "CABLEVIA",
        "etiqueta": "CABLEVIA 50"
      },
      "geometry": {
        "type": "MultiPolygon",
        "coordinates": [
          [
            [
              [
                -74.28103835250144,
                4.78601536537959
              ],
              [
                -74.28102892733932,
                4.786006855281754
              ],
              [
                -74.28105290202359,
                4.785976017615406
              ],
              [
                -74.28126043860308,
                4.785764637765958
              ],
              [
                -74.28123866007317,
                4.785769762125947
              ],
              [
                -74.28041345510243,
                4.784946570296662
              ],
              [
                -74.28044420126236,
                4.784921680548155
              ],
              [
                -74.28127178540021,
                4.785751277827424
              ],
              [
                -74.2817600637018,
                4.785257875165854
              ],
              [
                -74.2809339436668,
                4.784435049362277
              ],
              [
                -74.28085250294559,
                4.784358916013904
              ],
              [
                -74.28086824205127,
                4.784342078831091
              ],
              [
                -74.28096084655674,
                4.784407597433778
              ],
              [
                -74.28178952877172,
                4.785227495031644
              ],
              [
                -74.28194179546847,
                4.785072300129189
              ],
              [
                -74.28201225541827,
                4.78505363281781
              ],
              [
                -74.28211035030945,
                4.785044665187833
              ],
              [
                -74.28216635224359,
                4.785043567110693
              ],
              [
                -74.282174770835,
                4.785040272879273
              ],
              [
                -74.28218282340069,
                4.785035880570713
              ],
              [
                -74.28224907405482,
                4.784972924148019
              ],
              [
                -74.28225090418339,
                4.784961211325193
              ],
              [
                -74.2822487080291,
                4.784952792733787
              ],
              [
                -74.28224468174625,
                4.784946570296659
              ],
              [
                -74.28223955738626,
                4.784941445936673
              ],
              [
                -74.28219892853208,
                4.784946204270947
              ],
              [
                -74.28212425928656,
                4.784969995942313
              ],
              [
                -74.28198480348979,
                4.78498170876514
              ],
              [
                -74.28198370541264,
                4.784974754276586
              ],
              [
                -74.28212133108086,
                4.784957185042346
              ],
              [
                -74.28214631233577,
                4.78494821741237
              ],
              [
                -74.28219490224924,
                4.784933118851694
              ],
              [
                -74.28224797597768,
                4.784931471735985
              ],
              [
                -74.28226993752048,
                4.784955446420208
              ],
              [
                -74.28232026605609,
                4.784904934871768
              ],
              [
                -74.28222400129349,
                4.784874554737561
              ],
              [
                -74.28222692949919,
                4.78486357396616
              ],
              [
                -74.28233014875035,
                4.784891757946087
              ],
              [
                -74.28240664812445,
                4.784818918829135
              ],
              [
                -74.28249010198708,
                4.784732170735075
              ],
              [
                -74.28253256096983,
                4.784691175855182
              ],
              [
                -74.28255379046121,
                4.784667750209528
              ],
              [
                -74.28257483693957,
                4.784625291226762
              ],
              [
                -74.28258654976241,
                4.78463041558675
              ],
              [
                -74.2825644052069,
                4.784674338672368
              ],
              [
                -74.28255342443549,
                4.784697398292308
              ],
              [
                -74.28254097956123,
                4.784713503423696
              ],
              [
                -74.28220423590496,
                4.785055371439949
              ],
              [
                -74.28218447051643,
                4.785063424005642
              ],
              [
                -74.28217641795074,
                4.785055371439947
              ],
              [
                -74.28212956665944,
                4.785053907337094
              ],
              [
                -74.2820080461226,
                4.785064156057067
              ],
              [
                -74.28196631919128,
                4.785081725291307
              ],
              [
                -74.28191470956567,
                4.785133700942602
              ],
              [
                -74.28263614624666,
                4.785854405572157
              ],
              [
                -74.28262882573239,
                4.785862458137849
              ],
              [
                -74.28192788649135,
                4.785171401591078
              ],
              [
                -74.28190153263995,
                4.785145413765433
              ],
              [
                -74.28180087556878,
                4.785249365068021
              ],
              [
                -74.28252048212123,
                4.785971899826141
              ],
              [
                -74.28250071673271,
                4.785989469060381
              ],
              [
                -74.28180453582597,
                4.785294752256472
              ],
              [
                -74.28177744992318,
                4.785270594559392
              ],
              [
                -74.28167642682631,
                4.785376742016259
              ],
              [
                -74.28239273914727,
                4.786092688311538
              ],
              [
                -74.28238322247873,
                4.786104401134365
              ],
              [
                -74.2816636159263,
                4.785385892659091
              ],
              [
                -74.28128953764727,
                4.785765827349532
              ],
              [
                -74.28129795623867,
                4.785800965818012
              ],
              [
                -74.28214713589364,
                4.786647583292954
              ],
              [
                -74.28210687306517,
                4.78663074611014
              ],
              [
                -74.28127599469587,
                4.785804992100859
              ],
              [
                -74.28127892290158,
                4.785777906198073
              ],
              [
                -74.28108785747922,
                4.785971899826139
              ],
              [
                -74.281060039525,
                4.786002645986059
              ],
              [
                -74.28103835250144,
                4.78601536537959
              ]
            ]
          ]
        ]
      }
    },
    {
      "type": "Feature",
      "properties": {
        "id": 51,
        "categoria": "CABLEVIA",
        "etiqueta": "CABLEVIA 51"
      },
      "geometry": {
        "type": "MultiPolygon",
        "coordinates": [
          [
            [
              [
                -74.28255342443549,
                4.784697398292308
              ],
              [
                -74.28313595435826,
                4.785277183022232
              ],
              [
                -74.28317182487815,
                4.785314883670705
              ],
              [
                -74.28319415244667,
                4.785335747136365
              ],
              [
                -74.28325052040654,
                4.785355878550598
              ],
              [
                -74.28327065182077,
                4.785359904833444
              ],
              [
                -74.28336691658339,
                4.785275352893666
              ],
              [
                -74.28339217235761,
                4.785264006096552
              ],
              [
                -74.2833967019254,
                4.785268467034867
              ],
              [
                -74.28340791146329,
                4.785280477253652
              ],
              [
                -74.28339107428047,
                4.785278281099372
              ],
              [
                -74.28337643325193,
                4.785281941356505
              ],
              [
                -74.28327248194935,
                4.785374545861979
              ],
              [
                -74.28319049218956,
                4.785349290087759
              ],
              [
                -74.28314034666683,
                4.785302072770738
              ],
              [
                -74.28312607166401,
                4.785295850333612
              ],
              [
                -74.28254097956123,
                4.784713503423696
              ],
              [
                -74.28255342443549,
                4.784697398292308
              ]
            ]
          ]
        ]
      }
    },
    {
      "type": "Feature",
      "properties": {
        "id": 51,
        "categoria": "CABLEVIA",
        "etiqueta": "CABLEVIA 51"
      },
      "geometry": {
        "type": "MultiPolygon",
        "coordinates": [
          [
            [
              [
                -74.28645182704838,
                4.782006079851953
              ],
              [
                -74.28646042865265,
                4.781996929209119
              ],
              [
                -74.2864885668796,
                4.782025044559258
              ],
              [
                -74.28656323612512,
                4.782090197136232
              ],
              [
                -74.28659247242864,
                4.782093468490999
              ],
              [
                -74.28656506625369,
                4.782120211244726
              ],
              [
                -74.28645182704838,
                4.782006079851953
              ]
            ]
          ]
        ]
      }
    },
    {
      "type": "Feature",
      "properties": {
        "id": 52,
        "categoria": "CABLEVIA",
        "etiqueta": "CABLEVIA 52"
      },
      "geometry": {
        "type": "MultiPolygon",
        "coordinates": [
          [
            [
              [
                -74.2866267415864,
                4.78209422341908
              ],
              [
                -74.28661777395642,
                4.782124786566142
              ],
              [
                -74.28665236338634,
                4.782166147471751
              ],
              [
                -74.28679479314164,
                4.782023283060465
              ],
              [
                -74.28681108128589,
                4.782006811903364
              ],
              [
                -74.286825127523,
                4.782020469237845
              ],
              [
                -74.28667249480054,
                4.782187742988839
              ],
              [
                -74.28684745509155,
                4.782358310971253
              ],
              [
                -74.28688112945717,
                4.782379174436913
              ],
              [
                -74.28683684034586,
                4.782421633419659
              ],
              [
                -74.28677205379459,
                4.782346598148426
              ],
              [
                -74.28676363520319,
                4.782363801356952
              ],
              [
                -74.28667688710914,
                4.782456039836712
              ],
              [
                -74.28666700441488,
                4.782494106510899
              ],
              [
                -74.28667835121198,
                4.782518996259405
              ],
              [
                -74.28669665249764,
                4.782528878953666
              ],
              [
                -74.28672739865756,
                4.782528878953666
              ],
              [
                -74.28674350378894,
                4.782523754593679
              ],
              [
                -74.28675082430321,
                4.782531075107945
              ],
              [
                -74.28673837942895,
                4.782535833442219
              ],
              [
                -74.28672447045184,
                4.782539493699352
              ],
              [
                -74.28669628647192,
                4.782538761647926
              ],
              [
                -74.28667066467199,
                4.782525584722245
              ],
              [
                -74.28665529159203,
                4.782498498819459
              ],
              [
                -74.28665382748918,
                4.782469948813819
              ],
              [
                -74.28666590633772,
                4.782448719322446
              ],
              [
                -74.28674094160897,
                4.782372219948359
              ],
              [
                -74.28675375250893,
                4.782352820585553
              ],
              [
                -74.28674899417466,
                4.782323172502772
              ],
              [
                -74.28665199736061,
                4.782225443637313
              ],
              [
                -74.28663406210065,
                4.782225443637313
              ],
              [
                -74.28654365374945,
                4.782319146219926
              ],
              [
                -74.28651839797523,
                4.78233378724846
              ],
              [
                -74.2864872857896,
                4.782337447505593
              ],
              [
                -74.28646349411824,
                4.782320244297066
              ],
              [
                -74.28644702296114,
                4.782295354548559
              ],
              [
                -74.28644825829757,
                4.782274651219099
              ],
              [
                -74.28646605629822,
                4.782256189797232
              ],
              [
                -74.2864598338611,
                4.782285837880012
              ],
              [
                -74.28647008258108,
                4.782312557757086
              ],
              [
                -74.28649058002102,
                4.782322440451346
              ],
              [
                -74.28651620182096,
                4.782322806477059
              ],
              [
                -74.28653816336376,
                4.782309995577092
              ],
              [
                -74.28662381338067,
                4.782216292994479
              ],
              [
                -74.28662674158637,
                4.782196161580246
              ],
              [
                -74.28661832299497,
                4.782172735934592
              ],
              [
                -74.28658757683507,
                4.782155532726065
              ],
              [
                -74.2865650662537,
                4.782156630803205
              ],
              [
                -74.2866267415864,
                4.78209422341908
              ]
            ]
          ]
        ]
      }
    },
    {
      "type": "Feature",
      "properties": {
        "id": 1,
        "EDIFICIO": "POSTCOSECHA",
        "categoria": "EDIFICIOS",
        "etiqueta": "POSTCOSECHA"
      },
      "geometry": {
        "type": "MultiPolygon",
        "coordinates": [
          [
            [
              [
                -74.28802550885,
                4.78358358204664
              ],
              [
                -74.28793930979452,
                4.783418687462784
              ],
              [
                -74.28787104599898,
                4.783351704757244
              ],
              [
                -74.28786482356186,
                4.783354998988664
              ],
              [
                -74.28784780336619,
                4.783343469178694
              ],
              [
                -74.28782950208053,
                4.783361953477217
              ],
              [
                -74.28778429790492,
                4.783320592571611
              ],
              [
                -74.28773817866505,
                4.783367260850061
              ],
              [
                -74.2877257337908,
                4.783356463091518
              ],
              [
                -74.28770450429943,
                4.783374398351471
              ],
              [
                -74.28768693506518,
                4.783357561168657
              ],
              [
                -74.28765216262242,
                4.783392699637138
              ],
              [
                -74.28763331229818,
                4.783376045467181
              ],
              [
                -74.28766588858666,
                4.783336331677284
              ],
              [
                -74.28763715556816,
                4.783307964684501
              ],
              [
                -74.28760220011254,
                4.783340906998701
              ],
              [
                -74.28753283823988,
                4.783269898010314
              ],
              [
                -74.2874634763672,
                4.783340906998699
              ],
              [
                -74.28745395969864,
                4.783329743214442
              ],
              [
                -74.28750136002853,
                4.783279780704572
              ],
              [
                -74.28743236418154,
                4.783214994153314
              ],
              [
                -74.2873941144945,
                4.783253975891784
              ],
              [
                -74.28733317121323,
                4.783193398636227
              ],
              [
                -74.28737416609313,
                4.78315203773062
              ],
              [
                -74.28730334011762,
                4.783085421050794
              ],
              [
                -74.2872806465234,
                4.783111408876441
              ],
              [
                -74.2872425798492,
                4.783073708227968
              ],
              [
                -74.28723672343779,
                4.783079198613668
              ],
              [
                -74.28720487920073,
                4.783048452453747
              ],
              [
                -74.28723525933493,
                4.78301368001098
              ],
              [
                -74.28721036958645,
                4.782988790262475
              ],
              [
                -74.28708335866392,
                4.783119461442134
              ],
              [
                -74.28702076826694,
                4.783056138993728
              ],
              [
                -74.28714887726662,
                4.782929860122628
              ],
              [
                -74.2870061272384,
                4.782785645991575
              ],
              [
                -74.2868051791218,
                4.782986960133908
              ],
              [
                -74.28671916307918,
                4.782907898579828
              ],
              [
                -74.2866675534536,
                4.782958044102554
              ],
              [
                -74.28657531497383,
                4.783114337082147
              ],
              [
                -74.28642853866279,
                4.782969024873954
              ],
              [
                -74.28658849189952,
                4.7828797145999
              ],
              [
                -74.28664193165365,
                4.782827738948608
              ],
              [
                -74.28657055663956,
                4.782748677394527
              ],
              [
                -74.28677004065332,
                4.782548095303621
              ],
              [
                -74.28671788198915,
                4.782497400742325
              ],
              [
                -74.28680042078751,
                4.782413763866828
              ],
              [
                -74.2868245784846,
                4.782437555538195
              ],
              [
                -74.28694536697002,
                4.782312374744234
              ],
              [
                -74.28770853058231,
                4.783074440279396
              ],
              [
                -74.28774879341077,
                4.783035275528069
              ],
              [
                -74.2877786245064,
                4.783061446366572
              ],
              [
                -74.2877938145735,
                4.783046805338039
              ],
              [
                -74.28803026718437,
                4.783292042565972
              ],
              [
                -74.28821250223479,
                4.783391487176712
              ],
              [
                -74.28802550885,
                4.78358358204664
              ]
            ]
          ]
        ]
      }
    },
    {
      "type": "Feature",
      "properties": {
        "id": 2,
        "EDIFICIO": "ARMADO DE CARTON",
        "categoria": "EDIFICIOS",
        "etiqueta": "ARMADO DE CARTON"
      },
      "geometry": {
        "type": "MultiPolygon",
        "coordinates": [
          [
            [
              [
                -74.28769901391378,
                4.783056322006582
              ],
              [
                -74.2874817776529,
                4.782837987668581
              ],
              [
                -74.28761830524398,
                4.782704388283214
              ],
              [
                -74.287783016815,
                4.782868001777074
              ],
              [
                -74.28769096134809,
                4.78295438384542
              ],
              [
                -74.28774659725651,
                4.7830114838567
              ],
              [
                -74.28769901391378,
                4.783056322006582
              ]
            ]
          ]
        ]
      }
    },
    {
      "type": "Feature",
      "properties": {
        "id": 3,
        "EDIFICIO": "CASINO",
        "categoria": "EDIFICIOS",
        "etiqueta": "CASINO"
      },
      "geometry": {
        "type": "MultiPolygon",
        "coordinates": [
          [
            [
              [
                -74.28744910985803,
                4.783557960246708
              ],
              [
                -74.28725145597285,
                4.783755980157621
              ],
              [
                -74.28699697659565,
                4.78350186680614
              ],
              [
                -74.28719298336512,
                4.783304487440226
              ],
              [
                -74.28744910985803,
                4.783557960246708
              ]
            ]
          ]
        ]
      }
    },
    {
      "type": "Feature",
      "properties": {
        "id": 4,
        "EDIFICIO": "CAFETERIA",
        "categoria": "EDIFICIOS",
        "etiqueta": "CAFETERIA"
      },
      "geometry": {
        "type": "MultiPolygon",
        "coordinates": [
          [
            [
              [
                -74.2874581232412,
                4.783551646303153
              ],
              [
                -74.2874426129016,
                4.783533436523915
              ],
              [
                -74.28744421426413,
                4.783509095813979
              ],
              [
                -74.28746224103051,
                4.783494088759731
              ],
              [
                -74.28748740529831,
                4.783496467926868
              ],
              [
                -74.2874893269333,
                4.783499853664717
              ],
              [
                -74.28750470001326,
                4.783486676739038
              ],
              [
                -74.28751375914968,
                4.783497749016866
              ],
              [
                -74.28749957565329,
                4.783511291968259
              ],
              [
                -74.28750232084613,
                4.783514494693251
              ],
              [
                -74.28750030770469,
                4.783538377871047
              ],
              [
                -74.28748164039331,
                4.783552835886723
              ],
              [
                -74.2874581232412,
                4.783551646303153
              ]
            ]
          ]
        ]
      }
    },
    {
      "type": "Feature",
      "properties": {
        "id": 5,
        "EDIFICIO": "PLANTA ELECTRICA",
        "categoria": "EDIFICIOS",
        "etiqueta": "PLANTA ELECTRICA"
      },
      "geometry": {
        "type": "MultiPolygon",
        "coordinates": [
          [
            [
              [
                -74.28776869605903,
                4.783475604461209
              ],
              [
                -74.28772312585772,
                4.783427563586335
              ],
              [
                -74.28776869605905,
                4.783383640500735
              ],
              [
                -74.28778040888187,
                4.783379248192174
              ],
              [
                -74.28779852715468,
                4.783363326073645
              ],
              [
                -74.28783384863603,
                4.783402307812114
              ],
              [
                -74.28780822683609,
                4.783425550444911
              ],
              [
                -74.28781390023464,
                4.783432687946322
              ],
              [
                -74.28776869605903,
                4.783475604461209
              ]
            ]
          ]
        ]
      }
    },
    {
      "type": "Feature",
      "properties": {
        "id": 6,
        "EDIFICIO": "PLANTA ELECTRICA",
        "categoria": "EDIFICIOS",
        "etiqueta": "PLANTA ELECTRICA"
      },
      "geometry": {
        "type": "MultiPolygon",
        "coordinates": [
          [
            [
              [
                -74.28654333347717,
                4.782626607819133
              ],
              [
                -74.28649913587225,
                4.782584697874961
              ],
              [
                -74.2865099336308,
                4.782572436013564
              ],
              [
                -74.2864837627923,
                4.782546631200774
              ],
              [
                -74.28651304484937,
                4.782515152989427
              ],
              [
                -74.28654003924572,
                4.782540774789361
              ],
              [
                -74.28654132033574,
                4.782539951231504
              ],
              [
                -74.28658524342133,
                4.782582044188536
              ],
              [
                -74.28658396233133,
                4.782583874317103
              ],
              [
                -74.28659055079417,
                4.782590737299228
              ],
              [
                -74.28657764838778,
                4.78260382271848
              ],
              [
                -74.28657078540566,
                4.782597417268496
              ],
              [
                -74.28654333347717,
                4.782626607819133
              ]
            ]
          ]
        ]
      }
    },
    {
      "type": "Feature",
      "properties": {
        "id": 7,
        "EDIFICIO": "VESTIERES",
        "categoria": "EDIFICIOS",
        "etiqueta": "VESTIERES"
      },
      "geometry": {
        "type": "MultiPolygon",
        "coordinates": [
          [
            [
              [
                -74.28831315930752,
                4.783164665617737
              ],
              [
                -74.2883030936004,
                4.78315459991062
              ],
              [
                -74.28829266186757,
                4.783159541257751
              ],
              [
                -74.28819191329,
                4.783062727456574
              ],
              [
                -74.28826639952267,
                4.782987875198197
              ],
              [
                -74.28837913544236,
                4.783095486757915
              ],
              [
                -74.28831315930752,
                4.783164665617737
              ]
            ]
          ]
        ]
      }
    },
    {
      "type": "Feature",
      "properties": {
        "id": 8,
        "EDIFICIO": "OFICINA",
        "categoria": "EDIFICIOS",
        "etiqueta": "OFICINA"
      },
      "geometry": {
        "type": "MultiPolygon",
        "coordinates": [
          [
            [
              [
                -74.2883026360683,
                4.783217007294741
              ],
              [
                -74.28829970786259,
                4.783178940620555
              ],
              [
                -74.28835699088673,
                4.783175829401991
              ],
              [
                -74.28835772293814,
                4.783207307613338
              ],
              [
                -74.2883452780639,
                4.783207124600482
              ],
              [
                -74.28834472902533,
                4.783216458256171
              ],
              [
                -74.2883026360683,
                4.783217007294741
              ]
            ]
          ]
        ]
      }
    },
    {
      "type": "Feature",
      "properties": {
        "id": 9,
        "EDIFICIO": "PTAP",
        "categoria": "EDIFICIOS",
        "etiqueta": "PTAP"
      },
      "geometry": {
        "type": "MultiPolygon",
        "coordinates": [
          [
            [
              [
                -74.28845728193212,
                4.783319311481621
              ],
              [
                -74.28861485600169,
                4.783158992219179
              ],
              [
                -74.2887713319941,
                4.783315468211628
              ],
              [
                -74.2886110127317,
                4.783475238435497
              ],
              [
                -74.28845728193212,
                4.783319311481621
              ]
            ]
          ]
        ]
      }
    },
    {
      "type": "Feature",
      "properties": {
        "id": 10,
        "EDIFICIO": "PTAP",
        "categoria": "EDIFICIOS",
        "etiqueta": "PTAP"
      },
      "geometry": {
        "type": "MultiPolygon",
        "coordinates": [
          [
            [
              [
                -74.28839164770962,
                4.783480711584925
              ],
              [
                -74.28836718502261,
                4.783458287455171
              ],
              [
                -74.28835437123418,
                4.783471392466066
              ],
              [
                -74.28831389131163,
                4.783437610660203
              ],
              [
                -74.28834883800735,
                4.783394509735481
              ],
              [
                -74.28841669284155,
                4.783456540120384
              ],
              [
                -74.28839164770962,
                4.783480711584925
              ]
            ]
          ]
        ]
      }
    },
    {
      "type": "Feature",
      "properties": {
        "id": 11,
        "EDIFICIO": "TANQUE AGUA",
        "categoria": "EDIFICIOS",
        "etiqueta": "TANQUE AGUA"
      },
      "geometry": {
        "type": "MultiPolygon",
        "coordinates": [
          [
            [
              [
                -74.28839348077086,
                4.783590010068282
              ],
              [
                -74.28837292807813,
                4.783592136208909
              ],
              [
                -74.28835761986562,
                4.783584056874526
              ],
              [
                -74.28835237538541,
                4.783577536709937
              ],
              [
                -74.28834869007498,
                4.783571300030764
              ],
              [
                -74.28834698916249,
                4.783565346837009
              ],
              [
                -74.28834628044895,
                4.783558401444294
              ],
              [
                -74.28834812310416,
                4.783548479454701
              ],
              [
                -74.28834968227395,
                4.783541675804695
              ],
              [
                -74.28835265887082,
                4.783536289581773
              ],
              [
                -74.28835847032187,
                4.783533029499479
              ],
              [
                -74.28836470700105,
                4.783527218048431
              ],
              [
                -74.28837264459273,
                4.78352452493697
              ],
              [
                -74.2883839840094,
                4.783524950165096
              ],
              [
                -74.28839830002295,
                4.783527643276557
              ],
              [
                -74.28840354450317,
                4.783532179043227
              ],
              [
                -74.28840878898338,
                4.783538982693234
              ],
              [
                -74.28841219080839,
                4.783547203770325
              ],
              [
                -74.28841530914796,
                4.783557692730752
              ],
              [
                -74.28841304126463,
                4.783569599118263
              ],
              [
                -74.28840425321671,
                4.783582355962024
              ],
              [
                -74.28839348077086,
                4.783590010068282
              ]
            ]
          ]
        ]
      }
    },
    {
      "type": "Feature",
      "properties": {
        "id": 48,
        "EDIFICIO": "OFICINAS",
        "categoria": "EDIFICIOS",
        "etiqueta": "OFICINAS"
      },
      "geometry": {
        "type": "MultiPolygon",
        "coordinates": [
          [
            [
              [
                -74.28833033509302,
                4.783616927560161
              ],
              [
                -74.28828787611029,
                4.783622783971574
              ],
              [
                -74.28829300047028,
                4.783655360260061
              ],
              [
                -74.28825676392465,
                4.783658288465768
              ],
              [
                -74.28825200559038,
                4.783627908331561
              ],
              [
                -74.2882088145562,
                4.783633398717261
              ],
              [
                -74.28819856583623,
                4.783548846777481
              ],
              [
                -74.2883211844502,
                4.783535303826087
              ],
              [
                -74.28833033509302,
                4.783616927560161
              ]
            ]
          ]
        ]
      }
    },
    {
      "type": "Feature",
      "properties": {
        "id": 12,
        "EDIFICIO": "UNIDAD DE FUMIGACION",
        "categoria": "EDIFICIOS",
        "etiqueta": "UNIDAD DE FUMIGACION"
      },
      "geometry": {
        "type": "MultiPolygon",
        "coordinates": [
          [
            [
              [
                -74.28845533287408,
                4.783624980125855
              ],
              [
                -74.28839457260567,
                4.783686289432841
              ],
              [
                -74.28839933093994,
                4.783693243921394
              ],
              [
                -74.28837590529429,
                4.783716303541333
              ],
              [
                -74.28838871619426,
                4.783730944569867
              ],
              [
                -74.28831514502588,
                4.783806345866814
              ],
              [
                -74.28824743026892,
                4.783739363161274
              ],
              [
                -74.28837444119144,
                4.783605397750192
              ],
              [
                -74.28838322580856,
                4.783613084290171
              ],
              [
                -74.28841214183991,
                4.783582521143108
              ],
              [
                -74.28845533287408,
                4.783624980125855
              ]
            ]
          ]
        ]
      }
    },
    {
      "type": "Feature",
      "properties": {
        "id": 13,
        "EDIFICIO": "RESPEL - RECICLAJE",
        "categoria": "EDIFICIOS",
        "etiqueta": "RESPEL - RECICLAJE"
      },
      "geometry": {
        "type": "MultiPolygon",
        "coordinates": [
          [
            [
              [
                -74.28699745245788,
                4.782363472504851
              ],
              [
                -74.28691875692951,
                4.782284410950771
              ],
              [
                -74.28684745509155,
                4.782358310971253
              ],
              [
                -74.28667249480054,
                4.782187742988839
              ],
              [
                -74.286825127523,
                4.782020469237845
              ],
              [
                -74.28681108128589,
                4.782006811903364
              ],
              [
                -74.28704942810917,
                4.781769412772113
              ],
              [
                -74.28724085955724,
                4.781960112168759
              ],
              [
                -74.28715594159175,
                4.782045396159965
              ],
              [
                -74.28723353904299,
                4.782123359636905
              ],
              [
                -74.28699745245788,
                4.782363472504851
              ]
            ]
          ]
        ]
      }
    },
    {
      "type": "Feature",
      "properties": {
        "id": 14,
        "EDIFICIO": "TANQUE AGUA",
        "categoria": "EDIFICIOS",
        "etiqueta": "TANQUE AGUA"
      },
      "geometry": {
        "type": "MultiPolygon",
        "coordinates": [
          [
            [
              [
                -74.28620262762132,
                4.782427160978973
              ],
              [
                -74.28618231319425,
                4.782447475406063
              ],
              [
                -74.2861702343457,
                4.782454429894615
              ],
              [
                -74.28617755485998,
                4.782473463231709
              ],
              [
                -74.28617535870569,
                4.782496339838792
              ],
              [
                -74.28616401190858,
                4.782514092085889
              ],
              [
                -74.28614680870005,
                4.782525255870145
              ],
              [
                -74.2861246641444,
                4.782526719972999
              ],
              [
                -74.28610489875588,
                4.782519216445875
              ],
              [
                -74.28608989170164,
                4.782504758430199
              ],
              [
                -74.2860823881745,
                4.782486091118819
              ],
              [
                -74.28608604843163,
                4.78246412957602
              ],
              [
                -74.2860962971516,
                4.782446926367493
              ],
              [
                -74.28611496446298,
                4.782435579570381
              ],
              [
                -74.28613619395436,
                4.782433200403243
              ],
              [
                -74.2861554103043,
                4.78243612860895
              ],
              [
                -74.28618359428424,
                4.782408493667593
              ],
              [
                -74.28620262762132,
                4.782427160978973
              ]
            ]
          ]
        ]
      }
    },
    {
      "type": "Feature",
      "properties": {
        "id": 15,
        "EDIFICIO": "TALLER",
        "categoria": "EDIFICIOS",
        "etiqueta": "TALLER"
      },
      "geometry": {
        "type": "MultiPolygon",
        "coordinates": [
          [
            [
              [
                -74.29139360428782,
                4.778329137092492
              ],
              [
                -74.29152537354466,
                4.77846493263214
              ],
              [
                -74.2914225203192,
                4.778571080089007
              ],
              [
                -74.29128635875385,
                4.778435650575073
              ],
              [
                -74.29139360428782,
                4.778329137092492
              ]
            ]
          ]
        ]
      }
    },
    {
      "type": "Feature",
      "properties": {
        "id": 16,
        "EDIFICIO": "UNIDAD SANITARIA",
        "categoria": "EDIFICIOS",
        "etiqueta": "UNIDAD SANITARIA"
      },
      "geometry": {
        "type": "MultiPolygon",
        "coordinates": [
          [
            [
              [
                -74.2903950698122,
                4.778414844605719
              ],
              [
                -74.29033600722981,
                4.778469974822946
              ],
              [
                -74.2903229764512,
                4.778458409043108
              ],
              [
                -74.29038088245561,
                4.778400040407527
              ],
              [
                -74.2903950698122,
                4.778414844605719
              ]
            ]
          ]
        ]
      }
    },
    {
      "type": "Feature",
      "properties": {
        "id": 17,
        "EDIFICIO": "UNIDAD SANITARIA",
        "categoria": "EDIFICIOS",
        "etiqueta": "UNIDAD SANITARIA"
      },
      "geometry": {
        "type": "MultiPolygon",
        "coordinates": [
          [
            [
              [
                -74.28900470886526,
                4.779093061935414
              ],
              [
                -74.28893562260704,
                4.779142640578319
              ],
              [
                -74.28892128104005,
                4.779129532694502
              ],
              [
                -74.28899283466463,
                4.779076561422845
              ],
              [
                -74.28900470886526,
                4.779093061935414
              ]
            ]
          ]
        ]
      }
    },
    {
      "type": "Feature",
      "properties": {
        "id": 18,
        "EDIFICIO": "OFICINA",
        "categoria": "EDIFICIOS",
        "etiqueta": "OFICINA"
      },
      "geometry": {
        "type": "MultiPolygon",
        "coordinates": [
          [
            [
              [
                -74.28841809251195,
                4.779489151342263
              ],
              [
                -74.28831723891177,
                4.77959000494245
              ],
              [
                -74.28827251789639,
                4.779544975506281
              ],
              [
                -74.28837460517977,
                4.779444738747685
              ],
              [
                -74.28841809251195,
                4.779489151342263
              ]
            ]
          ]
        ]
      }
    },
    {
      "type": "Feature",
      "properties": {
        "id": 19,
        "EDIFICIO": "OFICINAS",
        "categoria": "EDIFICIOS",
        "etiqueta": "OFICINAS"
      },
      "geometry": {
        "type": "MultiPolygon",
        "coordinates": [
          [
            [
              [
                -74.29048011493633,
                4.780910210360593
              ],
              [
                -74.29054252525424,
                4.780849143311093
              ],
              [
                -74.29064130714818,
                4.780954951532218
              ],
              [
                -74.29061733497308,
                4.780977683767225
              ],
              [
                -74.29053859877729,
                4.780895641064519
              ],
              [
                -74.29050016063447,
                4.780932219297214
              ],
              [
                -74.29048011493633,
                4.780910210360593
              ]
            ]
          ]
        ]
      }
    },
    {
      "type": "Feature",
      "properties": {
        "id": 20,
        "EDIFICIO": "ALMACEN",
        "categoria": "EDIFICIOS",
        "etiqueta": "ALMACEN"
      },
      "geometry": {
        "type": "MultiPolygon",
        "coordinates": [
          [
            [
              [
                -74.29051813976584,
                4.78103720089161
              ],
              [
                -74.29030404344338,
                4.781249643960588
              ],
              [
                -74.29028751090884,
                4.781233111426037
              ],
              [
                -74.29023731072768,
                4.781282950301838
              ],
              [
                -74.29015843218643,
                4.781199679452055
              ],
              [
                -74.29020876072202,
                4.781155939379311
              ],
              [
                -74.29021683432363,
                4.781158301707194
              ],
              [
                -74.29014202460478,
                4.781081425421533
              ],
              [
                -74.29035860080742,
                4.780870635606011
              ],
              [
                -74.29051813976584,
                4.78103720089161
              ]
            ]
          ]
        ]
      }
    },
    {
      "type": "Feature",
      "properties": {
        "id": 21,
        "EDIFICIO": "UNIDAD SANITARIA",
        "categoria": "EDIFICIOS",
        "etiqueta": "UNIDAD SANITARIA"
      },
      "geometry": {
        "type": "MultiPolygon",
        "coordinates": [
          [
            [
              [
                -74.2901432645449,
                4.78114362908278
              ],
              [
                -74.29012859192048,
                4.781158715020558
              ],
              [
                -74.29013582490435,
                4.781167394601197
              ],
              [
                -74.29012776529376,
                4.781175040898427
              ],
              [
                -74.29012135893662,
                4.781166981287833
              ],
              [
                -74.29011825908638,
                4.781169667824698
              ],
              [
                -74.29009077374769,
                4.781145075679554
              ],
              [
                -74.29011619251956,
                4.78111841696759
              ],
              [
                -74.2901432645449,
                4.78114362908278
              ]
            ]
          ]
        ]
      }
    },
    {
      "type": "Feature",
      "properties": {
        "id": 22,
        "EDIFICIO": "UNIDAD FUMIGACION",
        "categoria": "EDIFICIOS",
        "etiqueta": "UNIDAD FUMIGACION"
      },
      "geometry": {
        "type": "MultiPolygon",
        "coordinates": [
          [
            [
              [
                -74.28933561814782,
                4.780776248836705
              ],
              [
                -74.2893830779406,
                4.780824447837607
              ],
              [
                -74.28924131145682,
                4.780967454261471
              ],
              [
                -74.28919502036007,
                4.78091909659791
              ],
              [
                -74.28933561814782,
                4.780776248836705
              ]
            ]
          ]
        ]
      }
    },
    {
      "type": "Feature",
      "properties": {
        "id": 23,
        "EDIFICIO": "UNIDAD SANITARIA",
        "categoria": "EDIFICIOS",
        "etiqueta": "UNIDAD SANITARIA"
      },
      "geometry": {
        "type": "MultiPolygon",
        "coordinates": [
          [
            [
              [
                -74.2881220588677,
                4.780376209494595
              ],
              [
                -74.2881369381488,
                4.780389022208872
              ],
              [
                -74.28810418306472,
                4.780420434024518
              ],
              [
                -74.28809064705206,
                4.780408654593651
              ],
              [
                -74.2881220588677,
                4.780376209494595
              ]
            ]
          ]
        ]
      }
    },
    {
      "type": "Feature",
      "properties": {
        "id": 24,
        "EDIFICIO": "UNIDAD SANITARIA",
        "categoria": "EDIFICIOS",
        "etiqueta": "UNIDAD SANITARIA"
      },
      "geometry": {
        "type": "MultiPolygon",
        "coordinates": [
          [
            [
              [
                -74.28709683506891,
                4.781410526187432
              ],
              [
                -74.28711171435,
                4.781422202289958
              ],
              [
                -74.28708030253436,
                4.781455680672424
              ],
              [
                -74.28706573323828,
                4.781442661301465
              ],
              [
                -74.28709683506891,
                4.781410526187432
              ]
            ]
          ]
        ]
      }
    },
    {
      "type": "Feature",
      "properties": {
        "id": 25,
        "EDIFICIO": "UNIDAD SANITARIA",
        "categoria": "EDIFICIOS",
        "etiqueta": "UNIDAD SANITARIA"
      },
      "geometry": {
        "type": "MultiPolygon",
        "coordinates": [
          [
            [
              [
                -74.28456322414893,
                4.781262560003202
              ],
              [
                -74.28455423458327,
                4.781252950467494
              ],
              [
                -74.2845623975222,
                4.781245097513583
              ],
              [
                -74.28457118043119,
                4.781254397064267
              ],
              [
                -74.28456322414893,
                4.781262560003202
              ]
            ]
          ]
        ]
      }
    },
    {
      "type": "Feature",
      "properties": {
        "id": 26,
        "EDIFICIO": "UNIDAD SANITARIA",
        "categoria": "EDIFICIOS",
        "etiqueta": "UNIDAD SANITARIA"
      },
      "geometry": {
        "type": "MultiPolygon",
        "coordinates": [
          [
            [
              [
                -74.28539315738342,
                4.780748708163689
              ],
              [
                -74.28540721003779,
                4.780763380788102
              ],
              [
                -74.28534955282355,
                4.780824757822622
              ],
              [
                -74.28533508685581,
                4.780811118481617
              ],
              [
                -74.28539315738342,
                4.780748708163689
              ]
            ]
          ]
        ]
      }
    },
    {
      "type": "Feature",
      "properties": {
        "id": 27,
        "EDIFICIO": "UNIDAD DE RIEGO",
        "categoria": "EDIFICIOS",
        "etiqueta": "UNIDAD DE RIEGO"
      },
      "geometry": {
        "type": "MultiPolygon",
        "coordinates": [
          [
            [
              [
                -74.28403356307331,
                4.781483785981155
              ],
              [
                -74.28408130076683,
                4.781532143644716
              ],
              [
                -74.28397569920237,
                4.781648491356617
              ],
              [
                -74.28397280600883,
                4.7816509712368
              ],
              [
                -74.2839196952416,
                4.781600753663102
              ],
              [
                -74.28403356307331,
                4.781483785981155
              ]
            ]
          ]
        ]
      }
    },
    {
      "type": "Feature",
      "properties": {
        "id": 28,
        "EDIFICIO": "TANQUE DE AGUA",
        "categoria": "EDIFICIOS",
        "etiqueta": "TANQUE DE AGUA"
      },
      "geometry": {
        "type": "MultiPolygon",
        "coordinates": [
          [
            [
              [
                -74.28410609956866,
                4.781516024423529
              ],
              [
                -74.28408667384056,
                4.781511064663164
              ],
              [
                -74.28407220787282,
                4.781502798395889
              ],
              [
                -74.28406518154564,
                4.781492052248431
              ],
              [
                -74.28405856853182,
                4.781474279773788
              ],
              [
                -74.28406063509864,
                4.781458987179328
              ],
              [
                -74.28406642148573,
                4.78144493452496
              ],
              [
                -74.28407551437974,
                4.781432121810683
              ],
              [
                -74.2840895670341,
                4.78142302891668
              ],
              [
                -74.28411560577602,
                4.781420962349862
              ],
              [
                -74.28413833801103,
                4.781430055243865
              ],
              [
                -74.28414536433822,
                4.781437908197776
              ],
              [
                -74.2841523906654,
                4.781452374165508
              ],
              [
                -74.28415528385895,
                4.781468493386695
              ],
              [
                -74.28415156403867,
                4.781484199294519
              ],
              [
                -74.28414288445803,
                4.781499491888978
              ],
              [
                -74.28412759186358,
                4.781513131229983
              ],
              [
                -74.28410609956866,
                4.781516024423529
              ]
            ]
          ]
        ]
      }
    },
    {
      "type": "Feature",
      "properties": {
        "id": 29,
        "EDIFICIO": "UNIDAD SANITARIA",
        "categoria": "EDIFICIOS",
        "etiqueta": "UNIDAD SANITARIA"
      },
      "geometry": {
        "type": "MultiPolygon",
        "coordinates": [
          [
            [
              [
                -74.28318854390103,
                4.782119565262966
              ],
              [
                -74.28321902576162,
                4.782088566760684
              ],
              [
                -74.283255810651,
                4.782055708348264
              ],
              [
                -74.28326676345513,
                4.782068934375904
              ],
              [
                -74.28320321652545,
                4.782133927902357
              ],
              [
                -74.28318854390103,
                4.782119565262966
              ]
            ]
          ]
        ]
      }
    },
    {
      "type": "Feature",
      "properties": {
        "id": 30,
        "EDIFICIO": "UNIDAD DE RIEGO",
        "categoria": "EDIFICIOS",
        "etiqueta": "UNIDAD DE RIEGO"
      },
      "geometry": {
        "type": "MultiPolygon",
        "coordinates": [
          [
            [
              [
                -74.28115266559942,
                4.78274470172567
              ],
              [
                -74.28105057719854,
                4.782844310246337
              ],
              [
                -74.28100614601196,
                4.782800085716414
              ],
              [
                -74.28111092094967,
                4.782701303822473
              ],
              [
                -74.28115266559942,
                4.78274470172567
              ]
            ]
          ]
        ]
      }
    },
    {
      "type": "Feature",
      "properties": {
        "id": 31,
        "EDIFICIO": "BOMBAS",
        "categoria": "EDIFICIOS",
        "etiqueta": "BOMBAS"
      },
      "geometry": {
        "type": "MultiPolygon",
        "coordinates": [
          [
            [
              [
                -74.28020157196632,
                4.783482261553599
              ],
              [
                -74.28022874937551,
                4.783509988001384
              ],
              [
                -74.28016443334656,
                4.783576081556895
              ],
              [
                -74.280162407215,
                4.783575415097641
              ],
              [
                -74.28013495528648,
                4.783547780156286
              ],
              [
                -74.28020157196632,
                4.783482261553599
              ]
            ]
          ]
        ]
      }
    },
    {
      "type": "Feature",
      "properties": {
        "id": 32,
        "EDIFICIO": "UNIDAD DE FUMIGACION",
        "categoria": "EDIFICIOS",
        "etiqueta": "UNIDAD DE FUMIGACION"
      },
      "geometry": {
        "type": "MultiPolygon",
        "coordinates": [
          [
            [
              [
                -74.28174244713507,
                4.783613488189389
              ],
              [
                -74.28179071810463,
                4.783661637423188
              ],
              [
                -74.2816526714411,
                4.783802577280234
              ],
              [
                -74.28160431377754,
                4.783754219616672
              ],
              [
                -74.28174244713507,
                4.783613488189389
              ]
            ]
          ]
        ]
      }
    },
    {
      "type": "Feature",
      "properties": {
        "id": 47,
        "EDIFICIO": "UNIDAD SANITARIA",
        "categoria": "EDIFICIOS",
        "etiqueta": "UNIDAD SANITARIA"
      },
      "geometry": {
        "type": "MultiPolygon",
        "coordinates": [
          [
            [
              [
                -74.28183380602279,
                4.78348143279658
              ],
              [
                -74.2818484786472,
                4.783496312077676
              ],
              [
                -74.28178751492605,
                4.783556449172105
              ],
              [
                -74.28177470221178,
                4.783543016487782
              ],
              [
                -74.28183380602279,
                4.78348143279658
              ]
            ]
          ]
        ]
      }
    },
    {
      "type": "Feature",
      "properties": {
        "id": 33,
        "EDIFICIO": "CUARTO FRIO",
        "categoria": "EDIFICIOS",
        "etiqueta": "CUARTO FRIO"
      },
      "geometry": {
        "type": "MultiPolygon",
        "coordinates": [
          [
            [
              [
                -74.28210514624604,
                4.784606678429448
              ],
              [
                -74.28212994504788,
                4.78486334602835
              ],
              [
                -74.28203364303413,
                4.784872025608989
              ],
              [
                -74.28201029082905,
                4.784622797650635
              ],
              [
                -74.28207476771381,
                4.784619284487043
              ],
              [
                -74.2820737344304,
                4.784608538339585
              ],
              [
                -74.28210514624604,
                4.784606678429448
              ]
            ]
          ]
        ]
      }
    },
    {
      "type": "Feature",
      "properties": {
        "id": 34,
        "EDIFICIO": "BODEGA",
        "categoria": "EDIFICIOS",
        "etiqueta": "BODEGA"
      },
      "geometry": {
        "type": "MultiPolygon",
        "coordinates": [
          [
            [
              [
                -74.28200967085903,
                4.784628584037727
              ],
              [
                -74.28203364303413,
                4.784872025608989
              ],
              [
                -74.28204666240508,
                4.784969360906157
              ],
              [
                -74.28184868530383,
                4.784988786634254
              ],
              [
                -74.28184661873702,
                4.78496853427943
              ],
              [
                -74.28182636638219,
                4.784971427472976
              ],
              [
                -74.28182223324855,
                4.784935469210328
              ],
              [
                -74.28184579211029,
                4.784934229270236
              ],
              [
                -74.28183132614255,
                4.784814368394743
              ],
              [
                -74.28181314035454,
                4.784818088215017
              ],
              [
                -74.28180198089373,
                4.784710420083755
              ],
              [
                -74.28182471312874,
                4.784708560173618
              ],
              [
                -74.28182119996515,
                4.78466061582342
              ],
              [
                -74.28193651439364,
                4.784651109616052
              ],
              [
                -74.28193486114017,
                4.784635403708229
              ],
              [
                -74.28200967085903,
                4.784628584037727
              ]
            ]
          ]
        ]
      }
    },
    {
      "type": "Feature",
      "properties": {
        "id": 35,
        "EDIFICIO": "UNIDAD DE FUMIGACION",
        "categoria": "EDIFICIOS",
        "etiqueta": "UNIDAD DE FUMIGACION"
      },
      "geometry": {
        "type": "MultiPolygon",
        "coordinates": [
          [
            [
              [
                -74.28235809402467,
                4.78472746926001
              ],
              [
                -74.28247382176653,
                4.784610914891426
              ],
              [
                -74.28252341937018,
                4.784658032614896
              ],
              [
                -74.28240769162832,
                4.784775000296843
              ],
              [
                -74.28235809402467,
                4.78472746926001
              ]
            ]
          ]
        ]
      }
    },
    {
      "type": "Feature",
      "properties": {
        "id": 36,
        "EDIFICIO": "VESTIER",
        "categoria": "EDIFICIOS",
        "etiqueta": "VESTIER"
      },
      "geometry": {
        "type": "MultiPolygon",
        "coordinates": [
          [
            [
              [
                -74.2827984794138,
                4.784835757361317
              ],
              [
                -74.28268688480559,
                4.784725609349872
              ],
              [
                -74.28275363491385,
                4.784657825958211
              ],
              [
                -74.28286481620869,
                4.784768593939704
              ],
              [
                -74.2827984794138,
                4.784835757361317
              ]
            ]
          ]
        ]
      }
    },
    {
      "type": "Feature",
      "properties": {
        "id": 37,
        "EDIFICIO": "CAMPAMENTO",
        "categoria": "EDIFICIOS",
        "etiqueta": "CAMPAMENTO"
      },
      "geometry": {
        "type": "MultiPolygon",
        "coordinates": [
          [
            [
              [
                -74.28326263032136,
                4.784641293423659
              ],
              [
                -74.28277058076176,
                4.784156063534591
              ],
              [
                -74.28304460752193,
                4.783885756594686
              ],
              [
                -74.28352983741101,
                4.784372639737208
              ],
              [
                -74.28326263032136,
                4.784641293423659
              ]
            ]
          ]
        ]
      }
    },
    {
      "type": "Feature",
      "properties": {
        "id": 38,
        "EDIFICIO": "OFICINAS",
        "categoria": "EDIFICIOS",
        "etiqueta": "OFICINAS"
      },
      "geometry": {
        "type": "MultiPolygon",
        "coordinates": [
          [
            [
              [
                -74.28296711126625,
                4.785021128404964
              ],
              [
                -74.283000692977,
                4.784901990827854
              ],
              [
                -74.2830486373272,
                4.78491687010895
              ],
              [
                -74.28305359708756,
                4.78489827100758
              ],
              [
                -74.28306930299539,
                4.784843300330198
              ],
              [
                -74.28312096716586,
                4.784854873104384
              ],
              [
                -74.28310939439167,
                4.784895377814034
              ],
              [
                -74.28315403223496,
                4.784906950588219
              ],
              [
                -74.28316973814283,
                4.784860452834795
              ],
              [
                -74.2831620918456,
                4.784851566597474
              ],
              [
                -74.283154032235,
                4.784831107585967
              ],
              [
                -74.28315134569814,
                4.78481829487169
              ],
              [
                -74.28314865916127,
                4.78480300227723
              ],
              [
                -74.28315671877186,
                4.784769317238083
              ],
              [
                -74.28316808488937,
                4.784771590461584
              ],
              [
                -74.28316767157601,
                4.784773450371721
              ],
              [
                -74.28316622497924,
                4.784777583505359
              ],
              [
                -74.28316374509906,
                4.784785643115952
              ],
              [
                -74.2831620918456,
                4.784793702726546
              ],
              [
                -74.28316126521887,
                4.784804448874004
              ],
              [
                -74.28316498503915,
                4.784823254632055
              ],
              [
                -74.28317015145618,
                4.784825114542192
              ],
              [
                -74.28317573118659,
                4.784819741468463
              ],
              [
                -74.28318875055756,
                4.784812715141279
              ],
              [
                -74.28320032333174,
                4.784811888514552
              ],
              [
                -74.28321127613587,
                4.784817468244963
              ],
              [
                -74.28321478929946,
                4.784821808035282
              ],
              [
                -74.28321685586629,
                4.784828421049102
              ],
              [
                -74.28321892243311,
                4.784835654032968
              ],
              [
                -74.2832178891497,
                4.78484350698688
              ],
              [
                -74.2832133427027,
                4.784854459791021
              ],
              [
                -74.28320631637551,
                4.784862932714978
              ],
              [
                -74.28319763679487,
                4.784865825908524
              ],
              [
                -74.28318792393084,
                4.784864379311751
              ],
              [
                -74.28317180470965,
                4.784916043482222
              ],
              [
                -74.28330075847913,
                4.784956341535191
              ],
              [
                -74.28330675152291,
                4.784940635627367
              ],
              [
                -74.28338755428553,
                4.784965847742558
              ],
              [
                -74.28338663621727,
                4.784973221543665
              ],
              [
                -74.28335479198022,
                4.785084127334805
              ],
              [
                -74.28316994899498,
                4.785029589503519
              ],
              [
                -74.28316079835214,
                4.785060701689152
              ],
              [
                -74.2831529287993,
                4.785062165792006
              ],
              [
                -74.28314688937502,
                4.785072597524836
              ],
              [
                -74.28296711126625,
                4.785021128404964
              ]
            ]
          ]
        ]
      }
    },
    {
      "type": "Feature",
      "properties": {
        "id": 39,
        "EDIFICIO": "UNIDAD SANITARIA",
        "categoria": "EDIFICIOS",
        "etiqueta": "UNIDAD SANITARIA"
      },
      "geometry": {
        "type": "MultiPolygon",
        "coordinates": [
          [
            [
              [
                -74.28381781349724,
                4.784800109083684
              ],
              [
                -74.28384839868616,
                4.784769110581401
              ],
              [
                -74.28385955814697,
                4.784768697268037
              ],
              [
                -74.28386637781747,
                4.784761670940853
              ],
              [
                -74.28386369128062,
                4.784758571090625
              ],
              [
                -74.28388332366539,
                4.784738112079117
              ],
              [
                -74.28389510309626,
                4.78475030482335
              ],
              [
                -74.28383248612165,
                4.784815608334825
              ],
              [
                -74.28381781349724,
                4.784800109083684
              ]
            ]
          ]
        ]
      }
    },
    {
      "type": "Feature",
      "properties": {
        "id": 40,
        "EDIFICIO": "UNIDAD SANITARIA",
        "categoria": "EDIFICIOS",
        "etiqueta": "UNIDAD SANITARIA"
      },
      "geometry": {
        "type": "MultiPolygon",
        "coordinates": [
          [
            [
              [
                -74.28480749234681,
                4.783719294637419
              ],
              [
                -74.284837250909,
                4.783689329418545
              ],
              [
                -74.2848498569666,
                4.783701522162777
              ],
              [
                -74.28481927177768,
                4.783731074068286
              ],
              [
                -74.28480749234681,
                4.783719294637419
              ]
            ]
          ]
        ]
      }
    },
    {
      "type": "Feature",
      "properties": {
        "id": 41,
        "EDIFICIO": "UNIDAD DE FUMIGACION",
        "categoria": "EDIFICIOS",
        "etiqueta": "UNIDAD DE FUMIGACION"
      },
      "geometry": {
        "type": "MultiPolygon",
        "coordinates": [
          [
            [
              [
                -74.28510405421203,
                4.781806313315515
              ],
              [
                -74.2851521956922,
                4.781854424740078
              ],
              [
                -74.2850288216531,
                4.781981105286074
              ],
              [
                -74.28498211724299,
                4.781929854428967
              ],
              [
                -74.28510405421203,
                4.781806313315515
              ]
            ]
          ]
        ]
      }
    },
    {
      "type": "Feature",
      "properties": {
        "id": 42,
        "EDIFICIO": "TALLER",
        "categoria": "EDIFICIOS",
        "etiqueta": "TALLER"
      },
      "geometry": {
        "type": "MultiPolygon",
        "coordinates": [
          [
            [
              [
                -74.28656469411291,
                4.785248967396727
              ],
              [
                -74.28680110935701,
                4.785010072272467
              ],
              [
                -74.28701520567944,
                4.785223341968173
              ],
              [
                -74.28677383067499,
                4.785463890345888
              ],
              [
                -74.28656469411291,
                4.785248967396727
              ]
            ]
          ]
        ]
      }
    },
    {
      "type": "Feature",
      "properties": {
        "id": 43,
        "EDIFICIO": "RECEPCION FLOR",
        "categoria": "EDIFICIOS",
        "etiqueta": "RECEPCION FLOR"
      },
      "geometry": {
        "type": "MultiPolygon",
        "coordinates": [
          [
            [
              [
                -74.28680110935701,
                4.785010072272467
              ],
              [
                -74.28703917785445,
                4.784772830401664
              ],
              [
                -74.2872493476999,
                4.784982173620415
              ],
              [
                -74.28701520567944,
                4.785223341968173
              ],
              [
                -74.28680110935701,
                4.785010072272467
              ]
            ]
          ]
        ]
      }
    },
    {
      "type": "Feature",
      "properties": {
        "id": 44,
        "EDIFICIO": "UNIDAD SANITARIA",
        "categoria": "EDIFICIOS",
        "etiqueta": "UNIDAD SANITARIA"
      },
      "geometry": {
        "type": "MultiPolygon",
        "coordinates": [
          [
            [
              [
                -74.28749526915136,
                4.784271894604772
              ],
              [
                -74.28750932180573,
                4.784285533945776
              ],
              [
                -74.28747852996013,
                4.784317152418105
              ],
              [
                -74.28746613055921,
                4.784301033196917
              ],
              [
                -74.28749526915136,
                4.784271894604772
              ]
            ]
          ]
        ]
      }
    },
    {
      "type": "Feature",
      "properties": {
        "id": 45,
        "EDIFICIO": "UNIDAD SANITARIA",
        "categoria": "EDIFICIOS",
        "etiqueta": "UNIDAD SANITARIA"
      },
      "geometry": {
        "type": "MultiPolygon",
        "coordinates": [
          [
            [
              [
                -74.28871557685794,
                4.78304104740746
              ],
              [
                -74.28873066279571,
                4.783057373285329
              ],
              [
                -74.28869966429343,
                4.783087751817567
              ],
              [
                -74.2886862316091,
                4.783071219283015
              ],
              [
                -74.28871557685794,
                4.78304104740746
              ]
            ]
          ]
        ]
      }
    },
    {
      "type": "Feature",
      "properties": {
        "id": 46,
        "EDIFICIO": "UNIDAD SANITARIA",
        "categoria": "EDIFICIOS",
        "etiqueta": "UNIDAD SANITARIA"
      },
      "geometry": {
        "type": "MultiPolygon",
        "coordinates": [
          [
            [
              [
                -74.28971021546788,
                4.782037935873589
              ],
              [
                -74.28974038734343,
                4.782007970654715
              ],
              [
                -74.28975526662452,
                4.782022436622447
              ],
              [
                -74.28969988263378,
                4.782081333776785
              ],
              [
                -74.28968562332273,
                4.782067487779099
              ],
              [
                -74.28971021546788,
                4.782037935873589
              ]
            ]
          ]
        ]
      }
    },
    {
      "type": "Feature",
      "properties": {
        "id": 49,
        "EDIFICIO": "UNIDAD SANITARIA",
        "categoria": "EDIFICIOS",
        "etiqueta": "UNIDAD SANITARIA"
      },
      "geometry": {
        "type": "MultiPolygon",
        "coordinates": [
          [
            [
              [
                -74.29132854394366,
                4.780405141430009
              ],
              [
                -74.29134176997131,
                4.780418987427696
              ],
              [
                -74.29131366466258,
                4.780447712706478
              ],
              [
                -74.29129919869484,
                4.780434073365473
              ],
              [
                -74.29132854394366,
                4.780405141430009
              ]
            ]
          ]
        ]
      }
    },
    {
      "type": "Feature",
      "properties": {
        "id": 50,
        "EDIFICIO": "PORTERIA 1",
        "categoria": "EDIFICIOS",
        "etiqueta": "PORTERIA 1"
      },
      "geometry": {
        "type": "MultiPolygon",
        "coordinates": [
          [
            [
              [
                -74.2923105032446,
                4.779418890007688
              ],
              [
                -74.29232814231393,
                4.779404509776318
              ],
              [
                -74.29235004792223,
                4.77943654156201
              ],
              [
                -74.29233254390255,
                4.779447241113099
              ],
              [
                -74.2923105032446,
                4.779418890007688
              ]
            ]
          ]
        ]
      }
    },
    {
      "type": "Feature",
      "properties": {
        "id": 51,
        "EDIFICIO": "PORTERIA 2",
        "categoria": "EDIFICIOS",
        "etiqueta": "PORTERIA 2"
      },
      "geometry": {
        "type": "MultiPolygon",
        "coordinates": [
          [
            [
              [
                -74.28111918721682,
                4.786495107188502
              ],
              [
                -74.28107992244725,
                4.786509779812916
              ],
              [
                -74.2810669030763,
                4.786477954683906
              ],
              [
                -74.2811022413689,
                4.786462248776083
              ],
              [
                -74.28111918721682,
                4.786495107188502
              ]
            ]
          ]
        ]
      }
    },
    {
      "type": "Feature",
      "properties": {
        "id": 52,
        "EDIFICIO": "UNIDAD DE RIEGO",
        "categoria": "EDIFICIOS",
        "etiqueta": "UNIDAD DE RIEGO"
      },
      "geometry": {
        "type": "MultiPolygon",
        "coordinates": [
          [
            [
              [
                -74.2909597561653,
                4.782399563667357
              ],
              [
                -74.29100915604178,
                4.782449699312244
              ],
              [
                -74.29090872089438,
                4.782552614339822
              ],
              [
                -74.29085705672391,
                4.782502190109442
              ],
              [
                -74.2909597561653,
                4.782399563667357
              ]
            ]
          ]
        ]
      }
    },
    {
      "type": "Feature",
      "properties": {
        "id": 53,
        "EDIFICIO": "LABORATORIO",
        "categoria": "EDIFICIOS",
        "etiqueta": "LABORATORIO"
      },
      "geometry": {
        "type": "MultiPolygon",
        "coordinates": [
          [
            [
              [
                -74.29080621918017,
                4.782650156293673
              ],
              [
                -74.29075827482997,
                4.782602625256838
              ],
              [
                -74.29083721768245,
                4.782524095717722
              ],
              [
                -74.29088557534601,
                4.78257534657483
              ],
              [
                -74.29080621918017,
                4.782650156293673
              ]
            ]
          ]
        ]
      }
    },
    {
      "type": "Feature",
      "properties": {
        "id": 54,
        "EDIFICIO": "BIOLOGICOS",
        "categoria": "EDIFICIOS",
        "etiqueta": "BIOLOGICOS"
      },
      "geometry": {
        "type": "MultiPolygon",
        "coordinates": [
          [
            [
              [
                -74.28842362263059,
                4.784950348491398
              ],
              [
                -74.2883766606241,
                4.784904341356248
              ],
              [
                -74.28845441447619,
                4.78482573451222
              ],
              [
                -74.28849905231948,
                4.784873472205735
              ],
              [
                -74.28842362263059,
                4.784950348491398
              ]
            ]
          ]
        ]
      }
    },
    {
      "type": "Feature",
      "properties": {
        "id": 55,
        "EDIFICIO": "UNIDAD SANITARIA",
        "categoria": "EDIFICIOS",
        "etiqueta": "UNIDAD SANITARIA"
      },
      "geometry": {
        "type": "MultiPolygon",
        "coordinates": [
          [
            [
              [
                -74.29287418093166,
                4.781986685016465
              ],
              [
                -74.29284111586257,
                4.782017270205384
              ],
              [
                -74.29282788983492,
                4.782004250834426
              ],
              [
                -74.29288926686944,
                4.781942667143223
              ],
              [
                -74.2929045594639,
                4.781957339767636
              ],
              [
                -74.29287418093166,
                4.781986685016465
              ]
            ]
          ]
        ]
      }
    },
    {
      "type": "Feature",
      "properties": {
        "id": 56,
        "EDIFICIO": "CLASIFICACION",
        "categoria": "EDIFICIOS",
        "etiqueta": "CLASIFICACION"
      },
      "geometry": {
        "type": "MultiPolygon",
        "coordinates": [
          [
            [
              [
                -74.29206222682853,
                4.782808971953684
              ],
              [
                -74.29204104451864,
                4.782786446375358
              ],
              [
                -74.29209560188264,
                4.782730029101205
              ],
              [
                -74.29211864410267,
                4.782753484634599
              ],
              [
                -74.29206222682853,
                4.782808971953684
              ]
            ]
          ]
        ]
      }
    },
    {
      "type": "Feature",
      "properties": {
        "id": 57,
        "EDIFICIO": "UNIDAD SANITARIA",
        "categoria": "EDIFICIOS",
        "etiqueta": "UNIDAD SANITARIA"
      },
      "geometry": {
        "type": "MultiPolygon",
        "coordinates": [
          [
            [
              [
                -74.29127910133255,
                4.783597263866734
              ],
              [
                -74.291262568798,
                4.783582177928957
              ],
              [
                -74.2912910874201,
                4.783554485933585
              ],
              [
                -74.29130679332793,
                4.783569571871362
              ],
              [
                -74.29127910133255,
                4.783597263866734
              ]
            ]
          ]
        ]
      }
    },
    {
      "type": "Feature",
      "properties": {
        "id": 58,
        "EDIFICIO": "UNIDAD SANITARIA",
        "categoria": "EDIFICIOS",
        "etiqueta": "UNIDAD SANITARIA"
      },
      "geometry": {
        "type": "MultiPolygon",
        "coordinates": [
          [
            [
              [
                -74.2897428155594,
                4.785143985802307
              ],
              [
                -74.28972245987624,
                4.785125490029278
              ],
              [
                -74.2897531483935,
                4.785094594855337
              ],
              [
                -74.28977154083819,
                4.785115880493571
              ],
              [
                -74.2897428155594,
                4.785143985802307
              ]
            ]
          ]
        ]
      }
    },
    {
      "type": "Feature",
      "properties": {
        "id": 59,
        "EDIFICIO": "CLASIFICACION",
        "categoria": "EDIFICIOS",
        "etiqueta": "CLASIFICACION"
      },
      "geometry": {
        "type": "MultiPolygon",
        "coordinates": [
          [
            [
              [
                -74.29052873092071,
                4.784357450471044
              ],
              [
                -74.29047541349678,
                4.784407254731378
              ],
              [
                -74.29044834147146,
                4.784379562736006
              ],
              [
                -74.29050496540229,
                4.784329345162307
              ],
              [
                -74.29052873092071,
                4.784357450471044
              ]
            ]
          ]
        ]
      }
    },
    {
      "type": "Feature",
      "properties": {
        "id": 58,
        "EDIFICIO": "CLASIFICACION",
        "categoria": "EDIFICIOS",
        "etiqueta": "CLASIFICACION"
      },
      "geometry": {
        "type": "MultiPolygon",
        "coordinates": [
          [
            [
              [
                -74.28889614313381,
                4.78599871783858
              ],
              [
                -74.28887713071907,
                4.785979705423846
              ],
              [
                -74.28891825539877,
                4.785939407370878
              ],
              [
                -74.28893582121673,
                4.785960486352431
              ],
              [
                -74.28889614313381,
                4.78599871783858
              ]
            ]
          ]
        ]
      }
    },
    {
      "type": "Feature",
      "properties": {
        "id": 60,
        "EDIFICIO": "CLASIFICACION",
        "categoria": "EDIFICIOS",
        "etiqueta": "CLASIFICACION"
      },
      "geometry": {
        "type": "MultiPolygon",
        "coordinates": [
          [
            [
              [
                -74.28837433501202,
                4.786534165301348
              ],
              [
                -74.28834292319637,
                4.786501100232247
              ],
              [
                -74.2883939673968,
                4.786445509584819
              ],
              [
                -74.2884270324659,
                4.78648167450415
              ],
              [
                -74.28837433501202,
                4.786534165301348
              ]
            ]
          ]
        ]
      }
    },
    {
      "type": "Feature",
      "properties": {
        "id": 61,
        "EDIFICIO": "UNIDAD SANITARIA",
        "categoria": "EDIFICIOS",
        "etiqueta": "UNIDAD SANITARIA"
      },
      "geometry": {
        "type": "MultiPolygon",
        "coordinates": [
          [
            [
              [
                -74.28799945979108,
                4.786902840821831
              ],
              [
                -74.28798540713672,
                4.786887961540736
              ],
              [
                -74.28801516569891,
                4.786857169695134
              ],
              [
                -74.28802818506986,
                4.786873908886367
              ],
              [
                -74.28799945979108,
                4.786902840821831
              ]
            ]
          ]
        ]
      }
    },
    {
      "type": "Feature",
      "properties": {
        "id": 62,
        "EDIFICIO": "CLASIFICACION",
        "categoria": "EDIFICIOS",
        "etiqueta": "CLASIFICACION"
      },
      "geometry": {
        "type": "MultiPolygon",
        "coordinates": [
          [
            [
              [
                -74.28727853795631,
                4.78763368217732
              ],
              [
                -74.28725663234802,
                4.787610949942312
              ],
              [
                -74.2872976209643,
                4.787571821095464
              ],
              [
                -74.28731756936567,
                4.787596161805401
              ],
              [
                -74.28727853795631,
                4.78763368217732
              ]
            ]
          ]
        ]
      }
    },
    {
      "type": "Feature",
      "properties": {
        "id": 63,
        "EDIFICIO": "COMPOST",
        "categoria": "EDIFICIOS",
        "etiqueta": "COMPOST"
      },
      "geometry": {
        "type": "MultiPolygon",
        "coordinates": [
          [
            [
              [
                -74.28702249032747,
                4.787852738260115
              ],
              [
                -74.28670113918712,
                4.788171816176948
              ],
              [
                -74.28612808020824,
                4.787919798353388
              ],
              [
                -74.28580073602413,
                4.787590697587485
              ],
              [
                -74.28628100615282,
                4.787108774205326
              ],
              [
                -74.28702249032747,
                4.787852738260115
              ]
            ]
          ]
        ]
      }
    },
    {
      "type": "Feature",
      "properties": {
        "id": 64,
        "EDIFICIO": "RECICLAJE",
        "categoria": "EDIFICIOS",
        "etiqueta": "RECICLAJE"
      },
      "geometry": {
        "type": "MultiPolygon",
        "coordinates": [
          [
            [
              [
                -74.285921630183,
                4.787865654302736
              ],
              [
                -74.28576415779142,
                4.787710248477958
              ],
              [
                -74.28582160834897,
                4.787650628025232
              ],
              [
                -74.28597990736729,
                4.787806860476738
              ],
              [
                -74.285921630183,
                4.787865654302736
              ]
            ]
          ]
        ]
      }
    },
    {
      "type": "Feature",
      "properties": {
        "id": 65,
        "EDIFICIO": "RESPEL",
        "categoria": "EDIFICIOS",
        "etiqueta": "RESPEL"
      },
      "geometry": {
        "type": "MultiPolygon",
        "coordinates": [
          [
            [
              [
                -74.28576705098496,
                4.787619009552905
              ],
              [
                -74.28581148217157,
                4.787662200799419
              ],
              [
                -74.28570815430415,
                4.787766912800674
              ],
              [
                -74.28566475592744,
                4.787723371177258
              ],
              [
                -74.28576705098496,
                4.787619009552905
              ]
            ]
          ]
        ]
      }
    },
    {
      "type": "Feature",
      "properties": {
        "id": 66,
        "EDIFICIO": "UNIDAD DE FUMIGACION",
        "categoria": "EDIFICIOS",
        "etiqueta": "UNIDAD DE FUMIGACION"
      },
      "geometry": {
        "type": "MultiPolygon",
        "coordinates": [
          [
            [
              [
                -74.28782553606638,
                4.78556015455939
              ],
              [
                -74.28787577576685,
                4.785609686634922
              ],
              [
                -74.28774682199732,
                4.785734300614098
              ],
              [
                -74.28769763770703,
                4.7856863562639
              ],
              [
                -74.28782553606638,
                4.78556015455939
              ]
            ]
          ]
        ]
      }
    },
    {
      "type": "Feature",
      "properties": {
        "id": 71,
        "EDIFICIO": "UNIDAD SANITARIA",
        "categoria": "EDIFICIOS",
        "etiqueta": "UNIDAD SANITARIA"
      },
      "geometry": {
        "type": "MultiPolygon",
        "coordinates": [
          [
            [
              [
                -74.28646183074936,
                4.785312307669686
              ],
              [
                -74.28647691668714,
                4.785326773637418
              ],
              [
                -74.28644715812494,
                4.785355292259518
              ],
              [
                -74.28643351878394,
                4.785341032948468
              ],
              [
                -74.28646183074936,
                4.785312307669686
              ]
            ]
          ]
        ]
      }
    },
    {
      "type": "Feature",
      "properties": {
        "id": 70,
        "EDIFICIO": "UNIDAD SANITARIA",
        "categoria": "EDIFICIOS",
        "etiqueta": "UNIDAD SANITARIA"
      },
      "geometry": {
        "type": "MultiPolygon",
        "coordinates": [
          [
            [
              [
                -74.28507206456368,
                4.786711580062735
              ],
              [
                -74.28508818378486,
                4.786727079313877
              ],
              [
                -74.28505842522269,
                4.786754977965932
              ],
              [
                -74.2850433392849,
                4.786739892028153
              ],
              [
                -74.28507206456368,
                4.786711580062735
              ]
            ]
          ]
        ]
      }
    },
    {
      "type": "Feature",
      "properties": {
        "id": 67,
        "EDIFICIO": "UNIDAD SANITARIA",
        "categoria": "EDIFICIOS",
        "etiqueta": "UNIDAD SANITARIA"
      },
      "geometry": {
        "type": "MultiPolygon",
        "coordinates": [
          [
            [
              [
                -74.28329182057756,
                4.787002346014148
              ],
              [
                -74.28322290057413,
                4.786948925261882
              ],
              [
                -74.2832291002746,
                4.786940555666265
              ],
              [
                -74.28322021403727,
                4.786933322682399
              ],
              [
                -74.28322527712598,
                4.786926296355215
              ],
              [
                -74.28330483994851,
                4.786987053419688
              ],
              [
                -74.28329182057756,
                4.787002346014148
              ]
            ]
          ]
        ]
      }
    },
    {
      "type": "Feature",
      "properties": {
        "id": 68,
        "EDIFICIO": "UNIDAD DE FUMIGACION",
        "categoria": "EDIFICIOS",
        "etiqueta": "UNIDAD DE FUMIGACION"
      },
      "geometry": {
        "type": "MultiPolygon",
        "coordinates": [
          [
            [
              [
                -74.28517089229435,
                4.784974018468384
              ],
              [
                -74.28521982409121,
                4.7850228849867
              ],
              [
                -74.28499291505447,
                4.78524834742664
              ],
              [
                -74.284945797331,
                4.785201229703169
              ],
              [
                -74.28517089229435,
                4.784974018468384
              ]
            ]
          ]
        ]
      }
    },
    {
      "type": "Feature",
      "properties": {
        "id": 72,
        "EDIFICIO": "BIOLOGICOS",
        "categoria": "EDIFICIOS",
        "etiqueta": "BIOLOGICOS"
      },
      "geometry": {
        "type": "MultiPolygon",
        "coordinates": [
          [
            [
              [
                -74.2933908800649,
                4.782541894491878
              ],
              [
                -74.293319790168,
                4.782627863669523
              ],
              [
                -74.29330222435046,
                4.782609471225267
              ],
              [
                -74.29337186765062,
                4.782526188584423
              ],
              [
                -74.2933908800649,
                4.782541894491878
              ]
            ]
          ]
        ]
      }
    },
    {
      "type": "Feature",
      "properties": {
        "id": 73,
        "EDIFICIO": "BOMBAS",
        "categoria": "EDIFICIOS",
        "etiqueta": "BOMBAS"
      },
      "geometry": {
        "type": "MultiPolygon",
        "coordinates": [
          [
            [
              [
                -74.2931549814681,
                4.782678907868753
              ],
              [
                -74.29312491292163,
                4.782647289397167
              ],
              [
                -74.29314351202255,
                4.78263117017636
              ],
              [
                -74.29317285727069,
                4.782660722081175
              ],
              [
                -74.2931549814681,
                4.782678907868753
              ]
            ]
          ]
        ]
      }
    },
    {
      "type": "Feature",
      "properties": {
        "id": 74,
        "EDIFICIO": "UNIDAD DE RIEGO",
        "categoria": "EDIFICIOS",
        "etiqueta": "UNIDAD DE RIEGO"
      },
      "geometry": {
        "type": "MultiPolygon",
        "coordinates": [
          [
            [
              [
                -74.29322927454349,
                4.782796908831339
              ],
              [
                -74.29313524575547,
                4.782894657439576
              ],
              [
                -74.29309391442006,
                4.782856632611002
              ],
              [
                -74.29318980311818,
                4.782758057376058
              ],
              [
                -74.29322927454349,
                4.782796908831339
              ]
            ]
          ]
        ]
      }
    },
    {
      "type": "Feature",
      "properties": {
        "id": 75,
        "EDIFICIO": "ALMACEN",
        "categoria": "EDIFICIOS",
        "etiqueta": "ALMACEN"
      },
      "geometry": {
        "type": "MultiPolygon",
        "coordinates": [
          [
            [
              [
                -74.29210898869734,
                4.784072083856968
              ],
              [
                -74.29183041549669,
                4.783800123669992
              ],
              [
                -74.29205691121473,
                4.783577347772153
              ],
              [
                -74.29233424447531,
                4.783850961212543
              ],
              [
                -74.29210898869734,
                4.784072083856968
              ]
            ]
          ]
        ]
      }
    },
    {
      "type": "Feature",
      "properties": {
        "id": 76,
        "EDIFICIO": "ALMACEN",
        "categoria": "EDIFICIOS",
        "etiqueta": "ALMACEN"
      },
      "geometry": {
        "type": "MultiPolygon",
        "coordinates": [
          [
            [
              [
                -74.29265125581787,
                4.783520517185969
              ],
              [
                -74.29253449479539,
                4.783654430712684
              ],
              [
                -74.29250638948731,
                4.783627978658024
              ],
              [
                -74.29262625035996,
                4.783495925041402
              ],
              [
                -74.29265125581787,
                4.783520517185969
              ]
            ]
          ]
        ]
      }
    },
    {
      "type": "Feature",
      "properties": {
        "id": 77,
        "EDIFICIO": "ALMACEN",
        "categoria": "EDIFICIOS",
        "etiqueta": "ALMACEN"
      },
      "geometry": {
        "type": "MultiPolygon",
        "coordinates": [
          [
            [
              [
                -74.29244232591742,
                4.783618059137529
              ],
              [
                -74.29239624147843,
                4.783676542977129
              ],
              [
                -74.29236007655994,
                4.78364657775896
              ],
              [
                -74.29240843422238,
                4.783586234009267
              ],
              [
                -74.29244232591742,
                4.783618059137529
              ]
            ]
          ]
        ]
      }
    },
    {
      "type": "Feature",
      "properties": {
        "id": 78,
        "EDIFICIO": "ALMACEN",
        "categoria": "EDIFICIOS",
        "etiqueta": "ALMACEN"
      },
      "geometry": {
        "type": "MultiPolygon",
        "coordinates": [
          [
            [
              [
                -74.29232308501476,
                4.783628391971381
              ],
              [
                -74.29234767715933,
                4.783600286663305
              ],
              [
                -74.2923730959306,
                4.783621778957715
              ],
              [
                -74.29234953706941,
                4.783650297579146
              ],
              [
                -74.29232308501476,
                4.783628391971381
              ]
            ]
          ]
        ]
      }
    },
    {
      "type": "Feature",
      "properties": {
        "id": 79,
        "EDIFICIO": "PORTERIA",
        "categoria": "EDIFICIOS",
        "etiqueta": "PORTERIA"
      },
      "geometry": {
        "type": "MultiPolygon",
        "coordinates": [
          [
            [
              [
                -74.29239438156831,
                4.7838207893377
              ],
              [
                -74.29240409443213,
                4.783845174825589
              ],
              [
                -74.29237660909409,
                4.783860467419689
              ],
              [
                -74.29236606960356,
                4.783838355155247
              ],
              [
                -74.29239438156831,
                4.7838207893377
              ]
            ]
          ]
        ]
      }
    },
    {
      "type": "Feature",
      "properties": {
        "id": 80,
        "EDIFICIO": "BOMBAS",
        "categoria": "EDIFICIOS",
        "etiqueta": "BOMBAS"
      },
      "geometry": {
        "type": "MultiPolygon",
        "coordinates": [
          [
            [
              [
                -74.29165041753106,
                4.784356236787891
              ],
              [
                -74.29162272553633,
                4.784328958106523
              ],
              [
                -74.29166736337856,
                4.784287213457763
              ],
              [
                -74.29169298880652,
                4.784314698795808
              ],
              [
                -74.29165041753106,
                4.784356236787891
              ]
            ]
          ]
        ]
      }
    },
    {
      "type": "Feature",
      "properties": {
        "id": 81,
        "EDIFICIO": "UNIDAD DE RIEGO",
        "categoria": "EDIFICIOS",
        "etiqueta": "UNIDAD DE RIEGO"
      },
      "geometry": {
        "type": "MultiPolygon",
        "coordinates": [
          [
            [
              [
                -74.29176221879331,
                4.784278740534004
              ],
              [
                -74.29170063510355,
                4.784216950187571
              ],
              [
                -74.29172646718818,
                4.784191118102942
              ],
              [
                -74.29178639762452,
                4.784253115106052
              ],
              [
                -74.29176221879331,
                4.784278740534004
              ]
            ]
          ]
        ]
      }
    },
    {
      "type": "Feature",
      "properties": {
        "id": 82,
        "EDIFICIO": "UNIDAD DE FUMIGACION",
        "categoria": "EDIFICIOS",
        "etiqueta": "UNIDAD DE FUMIGACION"
      },
      "geometry": {
        "type": "MultiPolygon",
        "coordinates": [
          [
            [
              [
                -74.29144169428737,
                4.784807161657175
              ],
              [
                -74.291394576565,
                4.784764177068352
              ],
              [
                -74.29145822682153,
                4.784707139825492
              ],
              [
                -74.29149873153023,
                4.784750537727668
              ],
              [
                -74.29144169428737,
                4.784807161657175
              ]
            ]
          ]
        ]
      }
    },
    {
      "type": "Feature",
      "properties": {
        "id": 83,
        "EDIFICIO": "HERRAMIENTAS OBRAS C",
        "categoria": "EDIFICIOS",
        "etiqueta": "HERRAMIENTAS OBRAS C"
      },
      "geometry": {
        "type": "MultiPolygon",
        "coordinates": [
          [
            [
              [
                -74.2826183693109,
                4.784643446903334
              ],
              [
                -74.28269317902797,
                4.784568223872893
              ],
              [
                -74.28272955060315,
                4.784605628731437
              ],
              [
                -74.282686772671,
                4.784644893500073
              ],
              [
                -74.28269255905795,
                4.78465067988703
              ],
              [
                -74.2827173578592,
                4.784680025135169
              ],
              [
                -74.28267623318047,
                4.784713916830202
              ],
              [
                -74.2826183693109,
                4.784643446903334
              ]
            ]
          ]
        ]
      }
    },
    {
      "type": "Feature",
      "properties": {
        "id": 30,
        "NAVES": 36,
        "AREA": 0.861976934932172,
        "etiqueta": "BLOQUE 30\n36 NAVES\n0.862 Ha",
        "categoria": "BLOQUES-FLN"
      },
      "geometry": {
        "type": "MultiPolygon",
        "coordinates": [
          [
            [
              [
                -74.28726206015489,
                4.786025534509396
              ],
              [
                -74.28678595716454,
                4.786506244435567
              ],
              [
                -74.2860504360283,
                4.785770723299358
              ],
              [
                -74.28652399726093,
                4.78529128425204
              ],
              [
                -74.28726206015489,
                4.786025534509396
              ]
            ]
          ]
        ]
      }
    },
    {
      "type": "Feature",
      "properties": {
        "id": 34,
        "NAVES": 36,
        "AREA": 0.860024621551856,
        "etiqueta": "BLOQUE 34\n36 NAVES\n0.86 Ha",
        "categoria": "BLOQUES-FLN"
      },
      "geometry": {
        "type": "MultiPolygon",
        "coordinates": [
          [
            [
              [
                -74.28623221141916,
                4.78706789345869
              ],
              [
                -74.2857572204477,
                4.787543917019083
              ],
              [
                -74.28502090501223,
                4.786808237023018
              ],
              [
                -74.2854960548435,
                4.78633038657427
              ],
              [
                -74.28623221141916,
                4.78706789345869
              ]
            ]
          ]
        ]
      }
    },
    {
      "type": "Feature",
      "properties": {
        "id": 36,
        "NAVES": 36,
        "AREA": 0.862435629547387,
        "etiqueta": "BLOQUE 36\n36 NAVES\n0.862 Ha",
        "categoria": "BLOQUES-FLN"
      },
      "geometry": {
        "type": "MultiPolygon",
        "coordinates": [
          [
            [
              [
                -74.29217484093589,
                4.779392897205171
              ],
              [
                -74.29169921452504,
                4.779871065373632
              ],
              [
                -74.29096258136985,
                4.779134114498714
              ],
              [
                -74.29143852550035,
                4.778655549180607
              ],
              [
                -74.29217484093589,
                4.779392897205171
              ]
            ]
          ]
        ]
      }
    },
    {
      "type": "Feature",
      "properties": {
        "id": 37,
        "NAVES": 26,
        "AREA": 0.592872628185811,
        "etiqueta": "BLOQUE 37\n26 NAVES\n0.593 Ha",
        "categoria": "BLOQUES-FLN"
      },
      "geometry": {
        "type": "MultiPolygon",
        "coordinates": [
          [
            [
              [
                -74.29138832578542,
                4.778605349465898
              ],
              [
                -74.29091397025347,
                4.779084867943145
              ],
              [
                -74.29038163087394,
                4.778552607993498
              ],
              [
                -74.29061896749973,
                4.778312094170555
              ],
              [
                -74.29065677614561,
                4.778349267377007
              ],
              [
                -74.29081531828253,
                4.778189454361234
              ],
              [
                -74.29086023590668,
                4.778235563434602
              ],
              [
                -74.29094061899414,
                4.778154386047862
              ],
              [
                -74.29094510678541,
                4.778160383007468
              ],
              [
                -74.29138832578542,
                4.778605349465898
              ]
            ]
          ]
        ]
      }
    },
    {
      "type": "Feature",
      "properties": {
        "id": 38,
        "NAVES": 36,
        "AREA": 0.861040015525743,
        "etiqueta": "BLOQUE 38\n36 NAVES\n0.861 Ha",
        "categoria": "BLOQUES-FLN"
      },
      "geometry": {
        "type": "MultiPolygon",
        "coordinates": [
          [
            [
              [
                -74.29166108815917,
                4.779910859767711
              ],
              [
                -74.29118609718783,
                4.780388630786534
              ],
              [
                -74.29044898745306,
                4.779654221669319
              ],
              [
                -74.29092524930324,
                4.779175259201573
              ],
              [
                -74.29166108815917,
                4.779910859767711
              ]
            ]
          ]
        ]
      }
    },
    {
      "type": "Feature",
      "properties": {
        "id": 39,
        "NAVES": 34,
        "AREA": 0.792106232125778,
        "etiqueta": "BLOQUE 39\n34 NAVES\n0.792 Ha",
        "categoria": "BLOQUES-FLN"
      },
      "geometry": {
        "type": "MultiPolygon",
        "coordinates": [
          [
            [
              [
                -74.29087552616811,
                4.779125377206592
              ],
              [
                -74.29039870830843,
                4.779603545375052
              ],
              [
                -74.28970321985612,
                4.778910122100851
              ],
              [
                -74.2900187155314,
                4.778590496069306
              ],
              [
                -74.29006267999651,
                4.778631918776905
              ],
              [
                -74.29014099790581,
                4.778552409418661
              ],
              [
                -74.29018174545902,
                4.778594110131025
              ],
              [
                -74.29026339942531,
                4.778510232126722
              ],
              [
                -74.29087552616811,
                4.779125377206592
              ]
            ]
          ]
        ]
      }
    },
    {
      "type": "Feature",
      "properties": {
        "id": 40,
        "NAVES": 36,
        "AREA": 0.860443345404789,
        "etiqueta": "BLOQUE 40\n36 NAVES\n0.86 Ha",
        "categoria": "BLOQUES-FLN"
      },
      "geometry": {
        "type": "MultiPolygon",
        "coordinates": [
          [
            [
              [
                -74.29114534963465,
                4.780429060620043
              ],
              [
                -74.29067115296259,
                4.780908261377572
              ],
              [
                -74.28993515524682,
                4.780172581381504
              ],
              [
                -74.29040712788085,
                4.779693142334188
              ],
              [
                -74.29114534963465,
                4.780429060620043
              ]
            ]
          ]
        ]
      }
    },
    {
      "type": "Feature",
      "properties": {
        "id": 41,
        "NAVES": 44,
        "AREA": 1.026262386892782,
        "etiqueta": "BLOQUE 41\n44 NAVES\n1.026 Ha",
        "categoria": "BLOQUES-FLN"
      },
      "geometry": {
        "type": "MultiPolygon",
        "coordinates": [
          [
            [
              [
                -74.29036089966249,
                4.779644054638487
              ],
              [
                -74.2898851143919,
                4.780124923424514
              ],
              [
                -74.2889840612851,
                4.779223870317693
              ],
              [
                -74.28922235107002,
                4.778981132456757
              ],
              [
                -74.28926607724539,
                4.779025732361498
              ],
              [
                -74.28942422223268,
                4.778863457017946
              ],
              [
                -74.28946671724434,
                4.778905952029597
              ],
              [
                -74.28954408199455,
                4.778824655497964
              ],
              [
                -74.29036089966249,
                4.779644054638487
              ]
            ]
          ]
        ]
      }
    },
    {
      "type": "Feature",
      "properties": {
        "id": 42,
        "NAVES": 26,
        "AREA": 0.624539916931465,
        "etiqueta": "BLOQUE 42\n26 NAVES\n0.625 Ha",
        "categoria": "BLOQUES-FLN"
      },
      "geometry": {
        "type": "MultiPolygon",
        "coordinates": [
          [
            [
              [
                -74.2904271442227,
                4.780743364846385
              ],
              [
                -74.28994913491408,
                4.78122375705284
              ],
              [
                -74.28941997273165,
                4.780689511354986
              ],
              [
                -74.28989226308543,
                4.780209754587956
              ],
              [
                -74.2904271442227,
                4.780743364846385
              ]
            ]
          ]
        ]
      }
    },
    {
      "type": "Feature",
      "properties": {
        "id": 43,
        "NAVES": 50,
        "AREA": 1.190684019598691,
        "etiqueta": "BLOQUE 43\n50 NAVES\n1.191 Ha",
        "categoria": "BLOQUES-FLN"
      },
      "geometry": {
        "type": "MultiPolygon",
        "coordinates": [
          [
            [
              [
                -74.2898471468861,
                4.780164479528816
              ],
              [
                -74.28936874042788,
                4.780638755630789
              ],
              [
                -74.28834568295113,
                4.779620146230061
              ],
              [
                -74.28874124399414,
                4.779220772550486
              ],
              [
                -74.28878600275864,
                4.779263148417238
              ],
              [
                -74.28886575040666,
                4.779181653310784
              ],
              [
                -74.2898471468861,
                4.780164479528816
              ]
            ]
          ]
        ]
      }
    },
    {
      "type": "Feature",
      "properties": {
        "id": 44,
        "NAVES": 36,
        "AREA": 0.860389460812882,
        "etiqueta": "BLOQUE 44\n36 NAVES\n0.86 Ha",
        "categoria": "BLOQUES-FLN"
      },
      "geometry": {
        "type": "MultiPolygon",
        "coordinates": [
          [
            [
              [
                -74.29007105985409,
                4.781511690542986
              ],
              [
                -74.28959749862138,
                4.781989342416916
              ],
              [
                -74.28885919743772,
                4.781254417005169
              ],
              [
                -74.28933561814782,
                4.780776248836705
              ],
              [
                -74.29007105985409,
                4.781511690542986
              ]
            ]
          ]
        ]
      }
    },
    {
      "type": "Feature",
      "properties": {
        "id": 45,
        "NAVES": 36,
        "AREA": 0.863924031202123,
        "etiqueta": "BLOQUE 45\n36 NAVES\n0.864 Ha",
        "categoria": "BLOQUES-FLN"
      },
      "geometry": {
        "type": "MultiPolygon",
        "coordinates": [
          [
            [
              [
                -74.28928438584397,
                4.780726684561432
              ],
              [
                -74.28880919629776,
                4.781206639903287
              ],
              [
                -74.28807176884331,
                4.780469530168509
              ],
              [
                -74.28854787183364,
                4.779989693971549
              ],
              [
                -74.28928438584397,
                4.780726684561432
              ]
            ]
          ]
        ]
      }
    },
    {
      "type": "Feature",
      "properties": {
        "id": 46,
        "NAVES": 36,
        "AREA": 0.8613598669976,
        "etiqueta": "BLOQUE 46\n36 NAVES\n0.861 Ha",
        "categoria": "BLOQUES-FLN"
      },
      "geometry": {
        "type": "MultiPolygon",
        "coordinates": [
          [
            [
              [
                -74.28955671135306,
                4.782029931110275
              ],
              [
                -74.28908235582114,
                4.782509608447377
              ],
              [
                -74.28834469007685,
                4.781772737002387
              ],
              [
                -74.2888199987679,
                4.781295283703275
              ],
              [
                -74.28955671135306,
                4.782029931110275
              ]
            ]
          ]
        ]
      }
    },
    {
      "type": "Feature",
      "properties": {
        "id": 47,
        "NAVES": 36,
        "AREA": 0.860393743580952,
        "etiqueta": "BLOQUE 47\n36 NAVES\n0.86 Ha",
        "categoria": "BLOQUES-FLN"
      },
      "geometry": {
        "type": "MultiPolygon",
        "coordinates": [
          [
            [
              [
                -74.28876999762798,
                4.78124631515247
              ],
              [
                -74.28829381520772,
                4.781722696147546
              ],
              [
                -74.28755896922587,
                4.780986619001839
              ],
              [
                -74.28803292760816,
                4.780508450833374
              ],
              [
                -74.28876999762798,
                4.78124631515247
              ]
            ]
          ]
        ]
      }
    },
    {
      "type": "Feature",
      "properties": {
        "id": 48,
        "NAVES": 36,
        "AREA": 0.862540837304667,
        "etiqueta": "BLOQUE 48\n36 NAVES\n0.863 Ha",
        "categoria": "BLOQUES-FLN"
      },
      "geometry": {
        "type": "MultiPolygon",
        "coordinates": [
          [
            [
              [
                -74.2890418465577,
                4.782549998565925
              ],
              [
                -74.28856423439875,
                4.783028206449356
              ],
              [
                -74.2878279586782,
                4.782290183270405
              ],
              [
                -74.28830302907947,
                4.78181384199029
              ],
              [
                -74.2890418465577,
                4.782549998565925
              ]
            ]
          ]
        ]
      }
    },
    {
      "type": "Feature",
      "properties": {
        "id": 49,
        "NAVES": 36,
        "AREA": 0.861943848701566,
        "etiqueta": "BLOQUE 49\n36 NAVES\n0.862 Ha",
        "categoria": "BLOQUES-FLN"
      },
      "geometry": {
        "type": "MultiPolygon",
        "coordinates": [
          [
            [
              [
                -74.28825338537428,
                4.781763006836162
              ],
              [
                -74.28777966528183,
                4.78224399476708
              ],
              [
                -74.28704271440691,
                4.781505614153454
              ],
              [
                -74.28751786423808,
                4.781027604844843
              ],
              [
                -74.28825338537428,
                4.781763006836162
              ]
            ]
          ]
        ]
      }
    },
    {
      "type": "Feature",
      "properties": {
        "id": 55,
        "NAVES": 36,
        "AREA": 0.864547270356491,
        "etiqueta": "BLOQUE 55\n36 NAVES\n0.865 Ha",
        "categoria": "BLOQUES-FLN"
      },
      "geometry": {
        "type": "MultiPolygon",
        "coordinates": [
          [
            [
              [
                -74.28666579124541,
                4.783367447198732
              ],
              [
                -74.28619041878488,
                4.783847912935637
              ],
              [
                -74.28545323404815,
                4.783110460131715
              ],
              [
                -74.28592985748884,
                4.782630262461985
              ],
              [
                -74.28666579124541,
                4.783367447198732
              ]
            ]
          ]
        ]
      }
    },
    {
      "type": "Feature",
      "properties": {
        "id": 57,
        "NAVES": 36,
        "AREA": 0.861993960988149,
        "etiqueta": "BLOQUE 57\n36 NAVES\n0.862 Ha",
        "categoria": "BLOQUES-FLN"
      },
      "geometry": {
        "type": "MultiPolygon",
        "coordinates": [
          [
            [
              [
                -74.28615112460473,
                4.783886559286952
              ],
              [
                -74.28567606488922,
                4.784365059197926
              ],
              [
                -74.2849388801524,
                4.783628946729845
              ],
              [
                -74.28541407390149,
                4.783150089395972
              ],
              [
                -74.28615112460473,
                4.783886559286952
              ]
            ]
          ]
        ]
      }
    },
    {
      "type": "Feature",
      "properties": {
        "id": 58,
        "NAVES": 36,
        "AREA": 0.86093378591314,
        "etiqueta": "BLOQUE 58\n36 NAVES\n0.861 Ha",
        "categoria": "BLOQUES-FLN"
      },
      "geometry": {
        "type": "MultiPolygon",
        "coordinates": [
          [
            [
              [
                -74.28642066615126,
                4.785190795458851
              ],
              [
                -74.28594690209378,
                4.78566893794692
              ],
              [
                -74.28520962800125,
                4.784933629680374
              ],
              [
                -74.28568428561604,
                4.784454146856419
              ],
              [
                -74.28642066615126,
                4.785190795458851
              ]
            ]
          ]
        ]
      }
    },
    {
      "type": "Feature",
      "properties": {
        "id": 59,
        "NAVES": 36,
        "AREA": 0.863157206864655,
        "etiqueta": "BLOQUE 59\n36 NAVES\n0.863 Ha",
        "categoria": "BLOQUES-FLN"
      },
      "geometry": {
        "type": "MultiPolygon",
        "coordinates": [
          [
            [
              [
                -74.28563674837,
                4.784407145744723
              ],
              [
                -74.28516119719805,
                4.784884126608358
              ],
              [
                -74.28442347632686,
                4.784149175764715
              ],
              [
                -74.28489956363323,
                4.783668620672053
              ],
              [
                -74.28563674837,
                4.784407145744723
              ]
            ]
          ]
        ]
      }
    },
    {
      "type": "Feature",
      "properties": {
        "id": 61,
        "NAVES": 36,
        "AREA": 0.863744573922083,
        "etiqueta": "BLOQUE 61\n36 NAVES\n0.864 Ha",
        "categoria": "BLOQUES-FLN"
      },
      "geometry": {
        "type": "MultiPolygon",
        "coordinates": [
          [
            [
              [
                -74.28512241681325,
                4.784923711194834
              ],
              [
                -74.28464606143974,
                4.78540422160963
              ],
              [
                -74.28390932348161,
                4.784665875248411
              ],
              [
                -74.28438317689479,
                4.784187509371029
              ],
              [
                -74.28512241681325,
                4.784923711194834
              ]
            ]
          ]
        ]
      }
    },
    {
      "type": "Feature",
      "properties": {
        "id": 62,
        "NAVES": 36,
        "AREA": 0.860965245774388,
        "etiqueta": "BLOQUE 62\n36 NAVES\n0.861 Ha",
        "categoria": "BLOQUES-FLN"
      },
      "geometry": {
        "type": "MultiPolygon",
        "coordinates": [
          [
            [
              [
                -74.2853927178835,
                4.786229868514835
              ],
              [
                -74.28491989206124,
                4.786706000499074
              ],
              [
                -74.28418172441141,
                4.785971228366879
              ],
              [
                -74.28465709687194,
                4.785490762629945
              ],
              [
                -74.2853927178835,
                4.786229868514835
              ]
            ]
          ]
        ]
      }
    },
    {
      "type": "Feature",
      "properties": {
        "id": 63,
        "NAVES": 34,
        "AREA": 0.815902863192186,
        "etiqueta": "BLOQUE 63\n34 NAVES\n0.816 Ha",
        "categoria": "BLOQUES-FLN"
      },
      "geometry": {
        "type": "MultiPolygon",
        "coordinates": [
          [
            [
              [
                -74.28460804057868,
                4.785443404095343
              ],
              [
                -74.28413302554101,
                4.785920653026153
              ],
              [
                -74.2834350679678,
                4.785227610017849
              ],
              [
                -74.28391124462988,
                4.784745803945031
              ],
              [
                -74.28460804057868,
                4.785443404095343
              ]
            ]
          ]
        ]
      }
    },
    {
      "type": "Feature",
      "properties": {
        "id": 64,
        "NAVES": 36,
        "AREA": 0.860459960186854,
        "etiqueta": "BLOQUE 64\n36 NAVES\n0.86 Ha",
        "categoria": "BLOQUES-FLN"
      },
      "geometry": {
        "type": "MultiPolygon",
        "coordinates": [
          [
            [
              [
                -74.28485859403344,
                4.786767030459715
              ],
              [
                -74.28438304286153,
                4.787244547457702
              ],
              [
                -74.28364639425905,
                4.786509507258332
              ],
              [
                -74.28412283898835,
                4.786031990260344
              ],
              [
                -74.28485859403344,
                4.786767030459715
              ]
            ]
          ]
        ]
      }
    },
    {
      "type": "Feature",
      "properties": {
        "id": 65,
        "NAVES": 34,
        "AREA": 0.814337160935253,
        "etiqueta": "BLOQUE 65\n34 NAVES\n0.814 Ha",
        "categoria": "BLOQUES-FLN"
      },
      "geometry": {
        "type": "MultiPolygon",
        "coordinates": [
          [
            [
              [
                -74.2840730678492,
                4.785981951053974
              ],
              [
                -74.28359706989852,
                4.786459825474869
              ],
              [
                -74.28289955910394,
                4.785766246332208
              ],
              [
                -74.28337600383324,
                4.785287835776963
              ],
              [
                -74.2840730678492,
                4.785981951053974
              ]
            ]
          ]
        ]
      }
    },
    {
      "type": "Feature",
      "properties": {
        "id": 66,
        "NAVES": 27,
        "AREA": 0.310673171710502,
        "etiqueta": "BLOQUE 66\n27 NAVES\n0.311 Ha",
        "categoria": "BLOQUES-FLN"
      },
      "geometry": {
        "type": "MultiPolygon",
        "coordinates": [
          [
            [
              [
                -74.2841803840757,
                4.787122442858585
              ],
              [
                -74.28407467625222,
                4.78722734648052
              ],
              [
                -74.28394877403477,
                4.787103946223369
              ],
              [
                -74.28389426704211,
                4.787163635848118
              ],
              [
                -74.28376934773758,
                4.787041218503949
              ],
              [
                -74.28371466203349,
                4.787096619053865
              ],
              [
                -74.28362959538265,
                4.787015841477858
              ],
              [
                -74.28357741163884,
                4.787073386565191
              ],
              [
                -74.28345106264275,
                4.786949182106508
              ],
              [
                -74.28339637693864,
                4.787007799462549
              ],
              [
                -74.28327270861433,
                4.786883773715317
              ],
              [
                -74.2836070777398,
                4.786548153609696
              ],
              [
                -74.2841803840757,
                4.787122442858585
              ]
            ]
          ]
        ]
      }
    },
    {
      "type": "Feature",
      "properties": {
        "id": 67,
        "NAVES": 34,
        "AREA": 0.798193251957325,
        "etiqueta": "BLOQUE 67\n34 NAVES\n0.798 Ha",
        "categoria": "BLOQUES-FLN"
      },
      "geometry": {
        "type": "MultiPolygon",
        "coordinates": [
          [
            [
              [
                -74.28355766402353,
                4.786501063142266
              ],
              [
                -74.28313143721205,
                4.78693086418275
              ],
              [
                -74.2830040159472,
                4.786807285214145
              ],
              [
                -74.2829612145546,
                4.786853392768592
              ],
              [
                -74.2823867465943,
                4.786283928728889
              ],
              [
                -74.28286319132359,
                4.78580498203929
              ],
              [
                -74.28355766402353,
                4.786501063142266
              ]
            ]
          ]
        ]
      }
    },
    {
      "type": "Feature",
      "properties": {
        "id": 74,
        "NAVES": 36,
        "AREA": 0.866161199568212,
        "etiqueta": "BLOQUE 74\n36 NAVES\n0.866 Ha",
        "categoria": "BLOQUES-FLN"
      },
      "geometry": {
        "type": "MultiPolygon",
        "coordinates": [
          [
            [
              [
                -74.28584248992892,
                4.782543855475202
              ],
              [
                -74.2853647942195,
                4.783022444741899
              ],
              [
                -74.28462617979113,
                4.782286689696723
              ],
              [
                -74.28510405421203,
                4.781806313315515
              ],
              [
                -74.28584248992892,
                4.782543855475202
              ]
            ]
          ]
        ]
      }
    },
    {
      "type": "Feature",
      "properties": {
        "id": 76,
        "NAVES": 36,
        "AREA": 0.862327230622247,
        "etiqueta": "BLOQUE 76\n36 NAVES\n0.862 Ha",
        "categoria": "BLOQUES-FLN"
      },
      "geometry": {
        "type": "MultiPolygon",
        "coordinates": [
          [
            [
              [
                -74.28532654996893,
                4.783060867703939
              ],
              [
                -74.28484974781676,
                4.78354035052789
              ],
              [
                -74.28411274179145,
                4.782805846462872
              ],
              [
                -74.28458614842604,
                4.782326721061824
              ],
              [
                -74.28532654996893,
                4.783060867703939
              ]
            ]
          ]
        ]
      }
    },
    {
      "type": "Feature",
      "properties": {
        "id": 78,
        "NAVES": 36,
        "AREA": 0.86275586440973,
        "etiqueta": "BLOQUE 78\n36 NAVES\n0.863 Ha",
        "categoria": "BLOQUES-FLN"
      },
      "geometry": {
        "type": "MultiPolygon",
        "coordinates": [
          [
            [
              [
                -74.28481061000893,
                4.783580918027342
              ],
              [
                -74.28433630981706,
                4.784059596649765
              ],
              [
                -74.28359742732147,
                4.783325718074828
              ],
              [
                -74.28407351462782,
                4.78284489491499
              ],
              [
                -74.28481061000893,
                4.783580918027342
              ]
            ]
          ]
        ]
      }
    },
    {
      "type": "Feature",
      "properties": {
        "id": 81,
        "NAVES": 36,
        "AREA": 0.860201301765814,
        "etiqueta": "BLOQUE 81\n36 NAVES\n0.86 Ha",
        "categoria": "BLOQUES-FLN"
      },
      "geometry": {
        "type": "MultiPolygon",
        "coordinates": [
          [
            [
              [
                -74.28429654651917,
                4.784099359947692
              ],
              [
                -74.28382045921282,
                4.784578127925838
              ],
              [
                -74.28308515094628,
                4.783842730303563
              ],
              [
                -74.28355811080225,
                4.783364855882676
              ],
              [
                -74.28429654651917,
                4.784099359947692
              ]
            ]
          ]
        ]
      }
    },
    {
      "type": "Feature",
      "properties": {
        "id": 23,
        "NAVES": 36,
        "CC": ".",
        "AREA": 0.8653283807683736,
        "etiqueta": "BLOQUE 23\n36 NAVES\n0.865 Ha",
        "categoria": "FANTASY-F5"
      },
      "geometry": {
        "type": "MultiPolygon",
        "coordinates": [
          [
            [
              [
                -74.28907643829255,
                4.785774099071311
              ],
              [
                -74.28860120903141,
                4.786255841586551
              ],
              [
                -74.28786409929666,
                4.785520002730626
              ],
              [
                -74.28834067886658,
                4.785037545346034
              ],
              [
                -74.28907643829255,
                4.785774099071311
              ]
            ]
          ]
        ]
      }
    },
    {
      "type": "Feature",
      "properties": {
        "id": 24,
        "NAVES": 36,
        "CC": ".",
        "AREA": 0.8595453786745667,
        "etiqueta": "BLOQUE 24\n36 NAVES\n0.86 Ha",
        "categoria": "FANTASY-F5"
      },
      "geometry": {
        "type": "MultiPolygon",
        "coordinates": [
          [
            [
              [
                -74.28829238547011,
                4.784989013659832
              ],
              [
                -74.2878158059002,
                4.785467022968439
              ],
              [
                -74.28708092020344,
                4.784731819551943
              ],
              [
                -74.28755432257621,
                4.784254763402473
              ],
              [
                -74.28829238547011,
                4.784989013659832
              ]
            ]
          ]
        ]
      }
    },
    {
      "type": "Feature",
      "properties": {
        "id": 26,
        "NAVES": 36,
        "CC": ".",
        "AREA": 0.8607120365686715,
        "etiqueta": "BLOQUE 26\n36 NAVES\n0.861 Ha",
        "categoria": "FANTASY-F5"
      },
      "geometry": {
        "type": "MultiPolygon",
        "coordinates": [
          [
            [
              [
                -74.28856260608622,
                4.786295318260921
              ],
              [
                -74.28808666195572,
                4.786773248139602
              ],
              [
                -74.28734994937055,
                4.786035661825256
              ],
              [
                -74.28782553606638,
                4.78556015455939
              ],
              [
                -74.28856260608622,
                4.786295318260921
              ]
            ]
          ]
        ]
      }
    },
    {
      "type": "Feature",
      "properties": {
        "id": 27,
        "NAVES": 24,
        "CC": ".",
        "AREA": 0.5787267861355097,
        "etiqueta": "BLOQUE 27\n24 NAVES\n0.579 Ha",
        "categoria": "FANTASY-F5"
      },
      "geometry": {
        "type": "MultiPolygon",
        "coordinates": [
          [
            [
              [
                -74.28777454205239,
                4.785510272564407
              ],
              [
                -74.2872991539314,
                4.785988837882515
              ],
              [
                -74.2868057352167,
                4.785494545438602
              ],
              [
                -74.2872805673282,
                4.785014629811714
              ],
              [
                -74.28777454205239,
                4.785510272564407
              ]
            ]
          ]
        ]
      }
    },
    {
      "type": "Feature",
      "properties": {
        "id": 29,
        "NAVES": 36,
        "CC": ".",
        "AREA": 0.8616134544126689,
        "etiqueta": "BLOQUE 29\n36 NAVES\n0.862 Ha",
        "categoria": "FANTASY-F5"
      },
      "geometry": {
        "type": "MultiPolygon",
        "coordinates": [
          [
            [
              [
                -74.28804722499628,
                4.786811652509948
              ],
              [
                -74.28757255174466,
                4.787290853267483
              ],
              [
                -74.28683560086972,
                4.78655628529041
              ],
              [
                -74.28731186271992,
                4.786076528523377
              ],
              [
                -74.28804722499628,
                4.786811652509948
              ]
            ]
          ]
        ]
      }
    },
    {
      "type": "Feature",
      "properties": {
        "id": 32,
        "NAVES": 36,
        "CC": ".",
        "AREA": 0.8580806438587606,
        "etiqueta": "BLOQUE 32\n36 NAVES\n0.858 Ha",
        "categoria": "FANTASY-F5"
      },
      "geometry": {
        "type": "MultiPolygon",
        "coordinates": [
          [
            [
              [
                -74.28753283678053,
                4.787333268849198
              ],
              [
                -74.28705705150988,
                4.787808656970173
              ],
              [
                -74.28632200695326,
                4.787073374123747
              ],
              [
                -74.28679540932605,
                4.786597112273564
              ],
              [
                -74.28753283678053,
                4.787333268849198
              ]
            ]
          ]
        ]
      }
    },
    {
      "type": "Feature",
      "properties": {
        "id": 33,
        "NAVES": 36,
        "CC": ".",
        "AREA": 0.8591179668650031,
        "etiqueta": "BLOQUE 33\n36 NAVES\n0.859 Ha",
        "categoria": "FANTASY-F5"
      },
      "geometry": {
        "type": "MultiPolygon",
        "coordinates": [
          [
            [
              [
                -74.28674663935,
                4.786548262867647
              ],
              [
                -74.28627256182281,
                4.787026033886467
              ],
              [
                -74.28553656410705,
                4.786289083011549
              ],
              [
                -74.28600948990027,
                4.785812185721936
              ],
              [
                -74.28674663935,
                4.786548262867647
              ]
            ]
          ]
        ]
      }
    },
    {
      "type": "Feature",
      "properties": {
        "id": 35,
        "NAVES": 32,
        "CC": "CASCARILLA",
        "AREA": 0.5050517714047804,
        "etiqueta": "BLOQUE 35\n32 NAVES\n0.505 Ha",
        "categoria": "FANTASY-F5"
      },
      "geometry": {
        "type": "MultiPolygon",
        "coordinates": [
          [
            [
              [
                -74.28561313455776,
                4.787522073788796
              ],
              [
                -74.28545371869153,
                4.787681966234492
              ],
              [
                -74.28533838643561,
                4.787566316258863
              ],
              [
                -74.28525577931019,
                4.787643681009044
              ],
              [
                -74.28477411622488,
                4.787476878159579
              ],
              [
                -74.2845642623543,
                4.787266785999186
              ],
              [
                -74.28495934681774,
                4.786867968329108
              ],
              [
                -74.28561313455776,
                4.787522073788796
              ]
            ]
          ]
        ]
      }
    },
    {
      "type": "Feature",
      "properties": {
        "id": 54,
        "NAVES": 36,
        "CC": ".",
        "AREA": 0.8647483347571687,
        "etiqueta": "BLOQUE 54\n36 NAVES\n0.865 Ha",
        "categoria": "FANTASY-F5"
      },
      "geometry": {
        "type": "MultiPolygon",
        "coordinates": [
          [
            [
              [
                -74.28745177853773,
                4.784152537084666
              ],
              [
                -74.2869763904167,
                4.78463292929112
              ],
              [
                -74.28623912182209,
                4.783897090435197
              ],
              [
                -74.28671586025186,
                4.78341622164917
              ],
              [
                -74.28673333483609,
                4.783432425354546
              ],
              [
                -74.28745177853773,
                4.784152537084666
              ]
            ]
          ]
        ]
      }
    },
    {
      "type": "Feature",
      "properties": {
        "id": 56,
        "NAVES": 36,
        "CC": ".",
        "AREA": 0.8600374663148075,
        "etiqueta": "BLOQUE 56\n36 NAVES\n0.86 Ha",
        "categoria": "FANTASY-F5"
      },
      "geometry": {
        "type": "MultiPolygon",
        "coordinates": [
          [
            [
              [
                -74.28693631570505,
                4.784673336451483
              ],
              [
                -74.28646342286592,
                4.785149959892214
              ],
              [
                -74.28572498714898,
                4.78441420484704
              ],
              [
                -74.28620080638815,
                4.783936241070425
              ],
              [
                -74.28693631570505,
                4.784673336451483
              ]
            ]
          ]
        ]
      }
    },
    {
      "type": "Feature",
      "properties": {
        "id": 60,
        "NAVES": 36,
        "CC": ".",
        "AREA": 0.86202885873802,
        "etiqueta": "BLOQUE 60\n36 NAVES\n0.862 Ha",
        "categoria": "FANTASY-F5"
      },
      "geometry": {
        "type": "MultiPolygon",
        "coordinates": [
          [
            [
              [
                -74.28590798767539,
                4.785709460768519
              ],
              [
                -74.2854323918256,
                4.786188184068803
              ],
              [
                -74.28469534112234,
                4.785453456614472
              ],
              [
                -74.28517089229435,
                4.784974018468384
              ],
              [
                -74.28590798767539,
                4.785709460768519
              ]
            ]
          ]
        ]
      }
    },
    {
      "type": "Feature",
      "properties": {
        "id": 1,
        "NAVES": 18,
        "CC": "COMPOST",
        "AREA": 0.7935927679345012,
        "etiqueta": "BLOQUE 1\n18 NAVES\n0.794 Ha",
        "categoria": "FANTASY-F5"
      },
      "geometry": {
        "type": "MultiPolygon",
        "coordinates": [
          [
            [
              [
                -74.28702249032747,
                4.787852738260115
              ],
              [
                -74.28670113918712,
                4.788171816176948
              ],
              [
                -74.28613317693885,
                4.787922039775306
              ],
              [
                -74.28580073602413,
                4.787590697587485
              ],
              [
                -74.28628100615282,
                4.787108774205326
              ],
              [
                -74.28702249032747,
                4.787852738260115
              ]
            ]
          ]
        ]
      }
    },
    {
      "type": "Feature",
      "properties": {
        "id": 68,
        "NAVES": null,
        "AREA": 0.5588601711793802,
        "etiqueta": "BLOQUE 68\n0.559 Ha",
        "categoria": "BLOQUES-A"
      },
      "geometry": {
        "type": "MultiPolygon",
        "coordinates": [
          [
            [
              [
                -74.28845198986451,
                4.779903706526723
              ],
              [
                -74.28798876978269,
                4.780371751817789
              ],
              [
                -74.28744227016445,
                4.779823822507973
              ],
              [
                -74.28753698723365,
                4.779730535130373
              ],
              [
                -74.28757451663844,
                4.779712663985239
              ],
              [
                -74.28772284714306,
                4.779644038787923
              ],
              [
                -74.28775251324402,
                4.779673883600298
              ],
              [
                -74.28782221071005,
                4.779608475209106
              ],
              [
                -74.28787510929963,
                4.779574520033352
              ],
              [
                -74.28804059610354,
                4.779489274671061
              ],
              [
                -74.28845198986451,
                4.779903706526723
              ]
            ]
          ]
        ]
      }
    },
    {
      "type": "Feature",
      "properties": {
        "id": 69,
        "NAVES": null,
        "AREA": 0.7466577707925346,
        "etiqueta": "BLOQUE 69\n0.747 Ha",
        "categoria": "BLOQUES-A"
      },
      "geometry": {
        "type": "MultiPolygon",
        "coordinates": [
          [
            [
              [
                -74.28793390536715,
                4.780425186541741
              ],
              [
                -74.28747354466849,
                4.78088930018088
              ],
              [
                -74.28675244396236,
                4.780169629166326
              ],
              [
                -74.28682750277193,
                4.780097072317081
              ],
              [
                -74.28692400695564,
                4.780058113220688
              ],
              [
                -74.28703480805545,
                4.779986986063052
              ],
              [
                -74.28707805622668,
                4.78002808969686
              ],
              [
                -74.28715847637977,
                4.779944810160535
              ],
              [
                -74.28734719567241,
                4.779837404578275
              ],
              [
                -74.28793390536715,
                4.780425186541741
              ]
            ]
          ]
        ]
      }
    },
    {
      "type": "Feature",
      "properties": {
        "id": 70,
        "NAVES": null,
        "AREA": 0.9635657746095443,
        "etiqueta": "BLOQUE 70\n0.964 Ha",
        "categoria": "BLOQUES-A"
      },
      "geometry": {
        "type": "MultiPolygon",
        "coordinates": [
          [
            [
              [
                -74.28742010994456,
                4.780945058153698
              ],
              [
                -74.2869597492459,
                4.781410422772999
              ],
              [
                -74.28605386089903,
                4.780507929943719
              ],
              [
                -74.28612749001698,
                4.780436445363182
              ],
              [
                -74.28634694767922,
                4.780336724373333
              ],
              [
                -74.28635910005792,
                4.7803456599459
              ],
              [
                -74.28642057679718,
                4.780281323823417
              ],
              [
                -74.28664986358926,
                4.780172845972449
              ],
              [
                -74.28742010994456,
                4.780945058153698
              ]
            ]
          ]
        ]
      }
    },
    {
      "type": "Feature",
      "properties": {
        "id": 71,
        "NAVES": null,
        "AREA": 1.1565165651128044,
        "etiqueta": "BLOQUE 71\n1.157 Ha",
        "categoria": "BLOQUES-A"
      },
      "geometry": {
        "type": "MultiPolygon",
        "coordinates": [
          [
            [
              [
                -74.28690381256165,
                4.781461891670985
              ],
              [
                -74.28644541768898,
                4.781928685981893
              ],
              [
                -74.28536743021449,
                4.780848196547077
              ],
              [
                -74.28541461003765,
                4.780796727649091
              ],
              [
                -74.28557294838352,
                4.780722026262428
              ],
              [
                -74.28558152653318,
                4.780729532143384
              ],
              [
                -74.2856376419289,
                4.780674489016371
              ],
              [
                -74.28566838029853,
                4.780688428509575
              ],
              [
                -74.28573521838133,
                4.780616586506135
              ],
              [
                -74.28579240604576,
                4.780580844215867
              ],
              [
                -74.2858513808247,
                4.780562973070733
              ],
              [
                -74.28586138866598,
                4.7805719086433
              ],
              [
                -74.28593573262974,
                4.780497564679542
              ],
              [
                -74.28690381256165,
                4.781461891670985
              ]
            ]
          ]
        ]
      }
    },
    {
      "type": "Feature",
      "properties": {
        "id": 72,
        "NAVES": null,
        "AREA": 0.8312854968551546,
        "etiqueta": "BLOQUE 72\n0.831 Ha",
        "categoria": "BLOQUES-A"
      },
      "geometry": {
        "type": "MultiPolygon",
        "coordinates": [
          [
            [
              [
                -74.2863907319849,
                4.781982835551649
              ],
              [
                -74.285929477729,
                4.782449272439656
              ],
              [
                -74.28519765433575,
                4.781717806469311
              ],
              [
                -74.28565944472601,
                4.781253335407273
              ],
              [
                -74.2863907319849,
                4.781982835551649
              ]
            ]
          ]
        ]
      }
    },
    {
      "type": "Feature",
      "properties": {
        "id": 73,
        "NAVES": null,
        "AREA": 0.39994267132908573,
        "etiqueta": "BLOQUE 73\n0.4 Ha",
        "categoria": "BLOQUES-A"
      },
      "geometry": {
        "type": "MultiPolygon",
        "coordinates": [
          [
            [
              [
                -74.28560672484791,
                4.781195075474136
              ],
              [
                -74.28514019860421,
                4.781666337571329
              ],
              [
                -74.28477535917631,
                4.781308735957193
              ],
              [
                -74.28508953390772,
                4.780988127613483
              ],
              [
                -74.28511955743156,
                4.781016364022795
              ],
              [
                -74.28518317870822,
                4.780954887283533
              ],
              [
                -74.28519139943499,
                4.780962750587392
              ],
              [
                -74.28521749130688,
                4.780940947790328
              ],
              [
                -74.28524608513911,
                4.78096918419964
              ],
              [
                -74.28531471033642,
                4.780902703539741
              ],
              [
                -74.28560672484791,
                4.781195075474136
              ]
            ]
          ]
        ]
      }
    },
    {
      "type": "Feature",
      "properties": {
        "id": 75,
        "NAVES": null,
        "AREA": 0.6526609969164711,
        "etiqueta": "BLOQUE 75\n0.653 Ha",
        "categoria": "BLOQUES-A"
      },
      "geometry": {
        "type": "MultiPolygon",
        "coordinates": [
          [
            [
              [
                -74.28504503475638,
                4.781757748478691
              ],
              [
                -74.28457895529134,
                4.78223044026749
              ],
              [
                -74.28401136772187,
                4.781661780429319
              ],
              [
                -74.28432053853263,
                4.781326696458053
              ],
              [
                -74.28437558165969,
                4.781291669013589
              ],
              [
                -74.28451998051237,
                4.781234481349159
              ],
              [
                -74.28504503475638,
                4.781757748478691
              ]
            ]
          ]
        ]
      }
    },
    {
      "type": "Feature",
      "properties": {
        "id": 77,
        "NAVES": null,
        "AREA": 0.8313052929385565,
        "etiqueta": "BLOQUE 77\n0.831 Ha",
        "categoria": "BLOQUES-A"
      },
      "geometry": {
        "type": "MultiPolygon",
        "coordinates": [
          [
            [
              [
                -74.28452998835363,
                4.78227404586162
              ],
              [
                -74.28405979852519,
                4.782747095073324
              ],
              [
                -74.28334102106788,
                4.782026530501512
              ],
              [
                -74.28375563163497,
                4.781609060551177
              ],
              [
                -74.28383140529034,
                4.781574033106714
              ],
              [
                -74.28452998835363,
                4.78227404586162
              ]
            ]
          ]
        ]
      }
    },
    {
      "type": "Feature",
      "properties": {
        "id": 79,
        "NAVES": null,
        "AREA": 0.8405162761647255,
        "etiqueta": "BLOQUE 79\n0.841 Ha",
        "categoria": "BLOQUES-A"
      },
      "geometry": {
        "type": "MultiPolygon",
        "coordinates": [
          [
            [
              [
                -74.28401619293105,
                4.782790700667452
              ],
              [
                -74.28355154315761,
                4.783263928590608
              ],
              [
                -74.28281918362998,
                4.782533713600423
              ],
              [
                -74.28328669278672,
                4.782062272791784
              ],
              [
                -74.28401619293105,
                4.782790700667452
              ]
            ]
          ]
        ]
      }
    },
    {
      "type": "Feature",
      "properties": {
        "id": 80,
        "NAVES": null,
        "AREA": 0.3477506887700874,
        "etiqueta": "BLOQUE 80\n0.348 Ha",
        "categoria": "BLOQUES-A"
      },
      "geometry": {
        "type": "MultiPolygon",
        "coordinates": [
          [
            [
              [
                -74.28319805190687,
                4.781973989334823
              ],
              [
                -74.28273000661582,
                4.782440068799923
              ],
              [
                -74.28222300222838,
                4.781933243123916
              ],
              [
                -74.28229698876923,
                4.78185925658306
              ],
              [
                -74.2823069966105,
                4.781869621847238
              ],
              [
                -74.28235024478174,
                4.781830305327943
              ],
              [
                -74.28236883077267,
                4.781848891318883
              ],
              [
                -74.2823995691423,
                4.781821012332474
              ],
              [
                -74.28241744028743,
                4.781838526054705
              ],
              [
                -74.28245818649835,
                4.781802068918631
              ],
              [
                -74.28248713775346,
                4.781832092442456
              ],
              [
                -74.28253681953694,
                4.781782768081886
              ],
              [
                -74.28281185646051,
                4.782058341139856
              ],
              [
                -74.28283008502852,
                4.782041720974882
              ],
              [
                -74.28291515167936,
                4.781961300821778
              ],
              [
                -74.28309922447427,
                4.78187641288239
              ],
              [
                -74.28319805190687,
                4.781973989334823
              ]
            ]
          ]
        ]
      }
    },
    {
      "type": "Feature",
      "properties": {
        "id": 87,
        "NAVES": 15,
        "AREA": 0.550616637479141,
        "etiqueta": null,
        "categoria": "BLOQUES-F7"
      },
      "geometry": {
        "type": "MultiPolygon",
        "coordinates": []
      }
    },
    {
      "type": "Feature",
      "properties": {
        "id": 90,
        "NAVES": 17,
        "AREA": 0.797421356482804,
        "etiqueta": null,
        "categoria": "BLOQUES-F7"
      },
      "geometry": {
        "type": "MultiPolygon",
        "coordinates": []
      }
    },
    {
      "type": "Feature",
      "properties": {
        "id": 91,
        "NAVES": 20,
        "AREA": 0.866130848185904,
        "etiqueta": null,
        "categoria": "BLOQUES-F7"
      },
      "geometry": {
        "type": "MultiPolygon",
        "coordinates": []
      }
    },
    {
      "type": "Feature",
      "properties": {
        "id": 93,
        "NAVES": 27,
        "AREA": 0.959107634943351,
        "etiqueta": "BLOQUE 93\n27 NAVES\n0.959 Ha",
        "categoria": "BLOQUES-F7"
      },
      "geometry": {
        "type": "MultiPolygon",
        "coordinates": [
          [
            [
              [
                -74.28264297413824,
                4.786668203027173
              ],
              [
                -74.2825543332584,
                4.786755950349784
              ],
              [
                -74.28147366511214,
                4.786453927997017
              ],
              [
                -74.28106459460002,
                4.786041998101674
              ],
              [
                -74.28153782252318,
                4.785565732083847
              ],
              [
                -74.28264297413824,
                4.786668203027173
              ]
            ]
          ]
        ]
      }
    },
    {
      "type": "Feature",
      "properties": {
        "id": 94,
        "NAVES": 20,
        "AREA": 0.950928526966274,
        "etiqueta": "BLOQUE 94\n20 NAVES\n0.951 Ha",
        "categoria": "BLOQUES-F7"
      },
      "geometry": {
        "type": "MultiPolygon",
        "coordinates": [
          [
            [
              [
                -74.28148617491374,
                4.785515692877475
              ],
              [
                -74.28101509152803,
                4.785994103432719
              ],
              [
                -74.2801973079267,
                4.785175068851218
              ],
              [
                -74.28066874873537,
                4.784699696390646
              ],
              [
                -74.28148617491374,
                4.785515692877475
              ]
            ]
          ]
        ]
      }
    },
    {
      "type": "Feature",
      "properties": {
        "id": 95,
        "NAVES": 20,
        "AREA": 0.441919351938739,
        "etiqueta": "BLOQUE 95\n20 NAVES\n0.442 Ha",
        "categoria": "BLOQUES-F7"
      },
      "geometry": {
        "type": "MultiPolygon",
        "coordinates": [
          [
            [
              [
                -74.28062460700706,
                4.784564322466268
              ],
              [
                -74.28014941325804,
                4.785042196887161
              ],
              [
                -74.27998070964799,
                4.784876352660314
              ],
              [
                -74.27986830014505,
                4.784502488304105
              ],
              [
                -74.28021464293771,
                4.784153643551086
              ],
              [
                -74.28062460700706,
                4.784564322466268
              ]
            ]
          ]
        ]
      }
    },
    {
      "type": "Feature",
      "properties": {
        "id": 92,
        "NAVES": 28,
        "AREA": 0.672651521989331,
        "etiqueta": "BLOQUE 92\n28 NAVES\n0.673 Ha",
        "categoria": "BLOQUES-F7"
      },
      "geometry": {
        "type": "MultiPolygon",
        "coordinates": [
          [
            [
              [
                -74.28114421055182,
                4.784045969901649
              ],
              [
                -74.28066320868056,
                4.784522146563753
              ],
              [
                -74.28008999170038,
                4.783951788966792
              ],
              [
                -74.28056590029527,
                4.783473199700097
              ],
              [
                -74.28114421055182,
                4.784045969901649
              ]
            ]
          ]
        ]
      }
    },
    {
      "type": "Feature",
      "properties": {
        "id": 89,
        "NAVES": 34,
        "AREA": 0.815312901118025,
        "etiqueta": "BLOQUE 89\n34 NAVES\n0.815 Ha",
        "categoria": "BLOQUES-F7"
      },
      "geometry": {
        "type": "MultiPolygon",
        "coordinates": [
          [
            [
              [
                -74.28165666563841,
                4.783525919578241
              ],
              [
                -74.28118013155346,
                4.784005402402195
              ],
              [
                -74.280485837565,
                4.783311644548083
              ],
              [
                -74.28095817193088,
                4.78282948105236
              ],
              [
                -74.28165666563841,
                4.783525919578241
              ]
            ]
          ]
        ]
      }
    },
    {
      "type": "Feature",
      "properties": {
        "id": 88,
        "NAVES": 36,
        "AREA": 0.725350503660459,
        "etiqueta": "BLOQUE 88\n36 NAVES\n0.725 Ha",
        "categoria": "BLOQUES-F7"
      },
      "geometry": {
        "type": "MultiPolygon",
        "coordinates": [
          [
            [
              [
                -74.28247998929473,
                4.784350851637628
              ],
              [
                -74.28234863637802,
                4.784483991668883
              ],
              [
                -74.28167820036826,
                4.784504007351431
              ],
              [
                -74.28126778952031,
                4.784094758127858
              ],
              [
                -74.28174244713507,
                4.783613488189389
              ],
              [
                -74.28247998929473,
                4.784350851637628
              ]
            ]
          ]
        ]
      }
    },
    {
      "type": "Feature",
      "properties": {
        "id": 86,
        "NAVES": 30,
        "AREA": 0.716971332944185,
        "etiqueta": "BLOQUE 86\n30 NAVES\n0.717 Ha",
        "categoria": "BLOQUES-F7"
      },
      "geometry": {
        "type": "MultiPolygon",
        "coordinates": [
          [
            [
              [
                -74.28217037170504,
                4.783009175416641
              ],
              [
                -74.28169294406274,
                4.783484726588668
              ],
              [
                -74.28108103605334,
                4.782872729223546
              ],
              [
                -74.28155363848643,
                4.782394229312575
              ],
              [
                -74.28217037170504,
                4.783009175416641
              ]
            ]
          ]
        ]
      }
    },
    {
      "type": "Feature",
      "properties": {
        "id": 85,
        "NAVES": 36,
        "AREA": 0.859614303448796,
        "etiqueta": "BLOQUE 85\n36 NAVES\n0.86 Ha",
        "categoria": "BLOQUES-F7"
      },
      "geometry": {
        "type": "MultiPolygon",
        "coordinates": [
          [
            [
              [
                -74.2829940081063,
                4.783833258596646
              ],
              [
                -74.28251765273282,
                4.784310373493866
              ],
              [
                -74.28178171897616,
                4.783575467328084
              ],
              [
                -74.28225718079244,
                4.783098933243082
              ],
              [
                -74.2829940081063,
                4.783833258596646
              ]
            ]
          ]
        ]
      }
    },
    {
      "type": "Feature",
      "properties": {
        "id": 83,
        "NAVES": 34,
        "AREA": 0.785150015302282,
        "etiqueta": "BLOQUE 83\n34 NAVES\n0.785 Ha",
        "categoria": "BLOQUES-F7"
      },
      "geometry": {
        "type": "MultiPolygon",
        "coordinates": [
          [
            [
              [
                -74.28268617763118,
                4.782490733496302
              ],
              [
                -74.28220973290196,
                4.782969278085132
              ],
              [
                -74.28155153862669,
                4.782313675125883
              ],
              [
                -74.28163437138437,
                4.782237901470513
              ],
              [
                -74.28159228483757,
                4.782192151338971
              ],
              [
                -74.28183032849076,
                4.781953482195703
              ],
              [
                -74.281875185065,
                4.781993870983707
              ],
              [
                -74.28194979709593,
                4.781915506012292
              ],
              [
                -74.28199313462288,
                4.781956073511747
              ],
              [
                -74.28207006990267,
                4.78187511722429
              ],
              [
                -74.28268617763118,
                4.782490733496302
              ]
            ]
          ]
        ]
      }
    },
    {
      "type": "Feature",
      "properties": {
        "id": 82,
        "NAVES": 36,
        "AREA": 0.862908711198345,
        "etiqueta": "BLOQUE 82\n36 NAVES\n0.863 Ha",
        "categoria": "BLOQUES-F7"
      },
      "geometry": {
        "type": "MultiPolygon",
        "coordinates": [
          [
            [
              [
                -74.28350825030734,
                4.783316067656457
              ],
              [
                -74.28303287784684,
                4.783793852721624
              ],
              [
                -74.28229613988867,
                4.783060957059669
              ],
              [
                -74.28277097621486,
                4.78257807871814
              ],
              [
                -74.28350825030734,
                4.783316067656457
              ]
            ]
          ]
        ]
      }
    },
    {
      "type": "Feature",
      "properties": {
        "id": 101,
        "NAVES": null,
        "titulo": "BLOQUE 101",
        "AREA": 0.34365141960958717,
        "etiqueta": "BLOQUE 101\n0.344 Ha",
        "categoria": "BLOQUES-B"
      },
      "geometry": {
        "type": "MultiPolygon",
        "coordinates": [
          [
            [
              [
                -74.29380493396705,
                4.782040112571825
              ],
              [
                -74.29334437097042,
                4.781595323355908
              ],
              [
                -74.29366625388077,
                4.781273440445568
              ],
              [
                -74.29391430537522,
                4.781515773173588
              ],
              [
                -74.29390215299654,
                4.781525781014864
              ],
              [
                -74.29406817593484,
                4.781702705351689
              ],
              [
                -74.29406817593484,
                4.781717538402151
              ],
              [
                -74.29408658321432,
                4.781737017950346
              ],
              [
                -74.29380493396705,
                4.782040112571825
              ]
            ]
          ]
        ]
      }
    },
    {
      "type": "Feature",
      "properties": {
        "id": 103,
        "NAVES": null,
        "titulo": "BLOQUE 103",
        "AREA": 0.10057222598530352,
        "etiqueta": "BLOQUE 103\n0.101 Ha",
        "categoria": "BLOQUES-B"
      },
      "geometry": {
        "type": "MultiPolygon",
        "coordinates": [
          [
            [
              [
                -74.29313226406417,
                4.782412547236422
              ],
              [
                -74.29299537109245,
                4.782546938247834
              ],
              [
                -74.29269334873965,
                4.782247060432481
              ],
              [
                -74.29283059913428,
                4.782111239729461
              ],
              [
                -74.29313226406417,
                4.782412547236422
              ]
            ]
          ]
        ]
      }
    },
    {
      "type": "Feature",
      "properties": {
        "id": 104,
        "NAVES": null,
        "titulo": "BLOQUE 104",
        "AREA": 0.4578223661724478,
        "etiqueta": "BLOQUE 104\n0.458 Ha",
        "categoria": "BLOQUES-B"
      },
      "geometry": {
        "type": "MultiPolygon",
        "coordinates": [
          [
            [
              [
                -74.29269549327714,
                4.783124176235671
              ],
              [
                -74.29229482220325,
                4.783568095480805
              ],
              [
                -74.29184053769396,
                4.783114525817297
              ],
              [
                -74.29225014434041,
                4.782694553906643
              ],
              [
                -74.29269549327714,
                4.783124176235671
              ]
            ]
          ]
        ]
      }
    },
    {
      "type": "Feature",
      "properties": {
        "id": 105,
        "NAVES": null,
        "titulo": "BLOQUE 105",
        "AREA": 0.35722588862143456,
        "etiqueta": "BLOQUE 105\n0.357 Ha",
        "categoria": "BLOQUES-B"
      },
      "geometry": {
        "type": "MultiPolygon",
        "coordinates": [
          [
            [
              [
                -74.29208412408057,
                4.783523583072738
              ],
              [
                -74.2916301660957,
                4.783979958299255
              ],
              [
                -74.29130867295416,
                4.783654597571029
              ],
              [
                -74.29176601507734,
                4.783205957517844
              ],
              [
                -74.29208412408057,
                4.783523583072738
              ]
            ]
          ]
        ]
      }
    },
    {
      "type": "Feature",
      "properties": {
        "id": 106,
        "NAVES": null,
        "titulo": "BLOQUE 106",
        "AREA": 0.54459198489259,
        "etiqueta": "BLOQUE 106\n0.545 Ha",
        "categoria": "BLOQUES-B"
      },
      "geometry": {
        "type": "MultiPolygon",
        "coordinates": [
          [
            [
              [
                -74.29161856333573,
                4.784069879689227
              ],
              [
                -74.29136765365082,
                4.784327557650808
              ],
              [
                -74.29164225230406,
                4.784601189407384
              ],
              [
                -74.2915233240141,
                4.784717700455681
              ],
              [
                -74.29147497918078,
                4.784665004587365
              ],
              [
                -74.2913807067558,
                4.784750091494003
              ],
              [
                -74.29078123082267,
                4.784183490047523
              ],
              [
                -74.29125017570585,
                4.78371551206101
              ],
              [
                -74.29161856333573,
                4.784069879689227
              ]
            ]
          ]
        ]
      }
    },
    {
      "type": "Feature",
      "properties": {
        "id": 107,
        "NAVES": null,
        "titulo": "BLOQUE 107",
        "AREA": 0.3577977984629571,
        "etiqueta": "BLOQUE 107\n0.358 Ha",
        "categoria": "BLOQUES-B"
      },
      "geometry": {
        "type": "MultiPolygon",
        "coordinates": [
          [
            [
              [
                -74.29110175706757,
                4.784564447334064
              ],
              [
                -74.2906792232244,
                4.784985047383925
              ],
              [
                -74.29032243835452,
                4.784648567344037
              ],
              [
                -74.29074062116268,
                4.784229901087509
              ],
              [
                -74.29110175706757,
                4.784564447334064
              ]
            ]
          ]
        ]
      }
    },
    {
      "type": "Feature",
      "properties": {
        "id": 108,
        "NAVES": null,
        "titulo": "BLOQUE 108",
        "AREA": 0.5589990712486207,
        "etiqueta": "BLOQUE 108\n0.559 Ha",
        "categoria": "BLOQUES-B"
      },
      "geometry": {
        "type": "MultiPolygon",
        "coordinates": [
          [
            [
              [
                -74.29022671558454,
                4.785455684336271
              ],
              [
                -74.2895757524039,
                4.786103021654391
              ],
              [
                -74.28921993443069,
                4.785770409201167
              ],
              [
                -74.28987355657715,
                4.785104700846386
              ],
              [
                -74.29022671558454,
                4.785455684336271
              ]
            ]
          ]
        ]
      }
    },
    {
      "type": "Feature",
      "properties": {
        "id": 109,
        "NAVES": null,
        "titulo": "BLOQUE 109",
        "AREA": 0.4175736690543592,
        "etiqueta": "BLOQUE 109\n0.418 Ha",
        "categoria": "BLOQUES-B"
      },
      "geometry": {
        "type": "MultiPolygon",
        "coordinates": [
          [
            [
              [
                -74.28949646687728,
                4.786186174767695
              ],
              [
                -74.28900721716413,
                4.786677358274201
              ],
              [
                -74.28865913436422,
                4.786331209267648
              ],
              [
                -74.28914741718073,
                4.785840025761143
              ],
              [
                -74.28949646687728,
                4.786186174767695
              ]
            ]
          ]
        ]
      }
    },
    {
      "type": "Feature",
      "properties": {
        "id": 110,
        "NAVES": null,
        "titulo": "BLOQUE 110",
        "AREA": 0.42223934565782545,
        "etiqueta": "BLOQUE 110\n0.422 Ha",
        "categoria": "BLOQUES-B"
      },
      "geometry": {
        "type": "MultiPolygon",
        "coordinates": [
          [
            [
              [
                -74.28898594543746,
                4.786698630000861
              ],
              [
                -74.28849572882761,
                4.787195614887364
              ],
              [
                -74.28814764602774,
                4.786851399674144
              ],
              [
                -74.2886426971209,
                4.786347646510976
              ],
              [
                -74.28898594543746,
                4.786698630000861
              ]
            ]
          ]
        ]
      }
    },
    {
      "type": "Feature",
      "properties": {
        "id": 111,
        "NAVES": null,
        "titulo": "BLOQUE 111",
        "AREA": 0.3198097795139998,
        "etiqueta": "BLOQUE 111\n0.32 Ha",
        "categoria": "BLOQUES-B"
      },
      "geometry": {
        "type": "MultiPolygon",
        "coordinates": [
          [
            [
              [
                -74.28848025848094,
                4.787212052130692
              ],
              [
                -74.2881036522294,
                4.787593009417232
              ],
              [
                -74.2877579866712,
                4.787243959720682
              ],
              [
                -74.2881341094744,
                4.786869770710805
              ],
              [
                -74.28848025848094,
                4.787212052130692
              ]
            ]
          ]
        ]
      }
    },
    {
      "type": "Feature",
      "properties": {
        "id": 112,
        "NAVES": null,
        "titulo": "BLOQUE 112",
        "AREA": 0.3887911193197593,
        "etiqueta": "BLOQUE 112\n0.389 Ha",
        "categoria": "BLOQUES-B"
      },
      "geometry": {
        "type": "MultiPolygon",
        "coordinates": [
          [
            [
              [
                -74.28766468114289,
                4.788021344640427
              ],
              [
                -74.28733013489635,
                4.788401335030299
              ],
              [
                -74.28713675556308,
                4.788341387436986
              ],
              [
                -74.28695884657647,
                4.788264035703678
              ],
              [
                -74.28681381207652,
                4.788185233625371
              ],
              [
                -74.28730306178967,
                4.787677612875537
              ],
              [
                -74.28766468114289,
                4.788021344640427
              ]
            ]
          ]
        ]
      }
    },
    {
      "type": "Feature",
      "properties": {
        "id": 102,
        "NAVES": 1,
        "titulo": "BLOQUE 102",
        "AREA": 0.5589834082019283,
        "etiqueta": "BLOQUE 102\n0.559 Ha",
        "categoria": "BLOQUES-B"
      },
      "geometry": {
        "type": "MultiPolygon",
        "coordinates": [
          [
            [
              [
                -74.2938249496496,
                4.782060128254376
              ],
              [
                -74.29340426289309,
                4.782493324812428
              ],
              [
                -74.29339639958924,
                4.782486533777277
              ],
              [
                -74.29334707522867,
                4.782541934327194
              ],
              [
                -74.29286634142453,
                4.782073352901776
              ],
              [
                -74.29334437097042,
                4.781595323355908
              ],
              [
                -74.29380493396705,
                4.782040112571825
              ],
              [
                -74.2938249496496,
                4.782060128254376
              ]
            ]
          ]
        ]
      }
    },
    {
      "type": "Feature",
      "properties": {
        "id": 13,
        "NAVES": null,
        "AREA": 0.3070131294014398,
        "etiqueta": "BLOQUE 13\n0.307 Ha",
        "categoria": "BLOQUES-FU"
      },
      "geometry": {
        "type": "MultiPolygon",
        "coordinates": [
          [
            [
              [
                -74.29137418822746,
                4.784888322323158
              ],
              [
                -74.29094261184507,
                4.785398255472293
              ],
              [
                -74.29063642702936,
                4.785136473047586
              ],
              [
                -74.29084963650867,
                4.7848833368387
              ],
              [
                -74.2908910837976,
                4.784917357654175
              ],
              [
                -74.29110895937632,
                4.784665766805823
              ],
              [
                -74.29137418822746,
                4.784888322323158
              ]
            ]
          ]
        ]
      }
    },
    {
      "type": "Feature",
      "properties": {
        "id": 16,
        "NAVES": null,
        "AREA": 0.3524298754479736,
        "etiqueta": "BLOQUE 16\n0.352 Ha",
        "categoria": "BLOQUES-FU"
      },
      "geometry": {
        "type": "MultiPolygon",
        "coordinates": [
          [
            [
              [
                -74.29090236469486,
                4.785447740001178
              ],
              [
                -74.29047351136795,
                4.785957482298937
              ],
              [
                -74.2901187338381,
                4.785659808848837
              ],
              [
                -74.29033973315127,
                4.785411244038841
              ],
              [
                -74.29037899088455,
                4.785441014587307
              ],
              [
                -74.29059473943465,
                4.785188746045577
              ],
              [
                -74.29090236469486,
                4.785447740001178
              ]
            ]
          ]
        ]
      }
    },
    {
      "type": "Feature",
      "properties": {
        "id": 19,
        "NAVES": null,
        "AREA": 0.4017853123914916,
        "etiqueta": "BLOQUE 19\n0.402 Ha",
        "categoria": "BLOQUES-FU"
      },
      "geometry": {
        "type": "MultiPolygon",
        "coordinates": [
          [
            [
              [
                -74.29043109758857,
                4.786007225925556
              ],
              [
                -74.29000076916809,
                4.786516767187766
              ],
              [
                -74.28960334405849,
                4.786181404537338
              ],
              [
                -74.28981760584655,
                4.78592718411172
              ],
              [
                -74.28986329640543,
                4.785962807121382
              ],
              [
                -74.2900768193286,
                4.78570949424444
              ],
              [
                -74.29043109758857,
                4.786007225925556
              ]
            ]
          ]
        ]
      }
    },
    {
      "type": "Feature",
      "properties": {
        "id": 22,
        "NAVES": null,
        "AREA": 0.4488172951197252,
        "etiqueta": "BLOQUE 22\n0.449 Ha",
        "categoria": "BLOQUES-FU"
      },
      "geometry": {
        "type": "MultiPolygon",
        "coordinates": [
          [
            [
              [
                -74.2899585867227,
                4.786564620797567
              ],
              [
                -74.2895293305644,
                4.787075313209284
              ],
              [
                -74.28908727812002,
                4.786703604436162
              ],
              [
                -74.28930156674554,
                4.786449504203948
              ],
              [
                -74.28934690102169,
                4.786484894418454
              ],
              [
                -74.28956187305492,
                4.786230357622959
              ],
              [
                -74.2899585867227,
                4.786564620797567
              ]
            ]
          ]
        ]
      }
    },
    {
      "type": "Feature",
      "properties": {
        "id": 25,
        "NAVES": null,
        "AREA": 0.4967296871821862,
        "etiqueta": "BLOQUE 25\n0.497 Ha",
        "categoria": "BLOQUES-FU"
      },
      "geometry": {
        "type": "MultiPolygon",
        "coordinates": [
          [
            [
              [
                -74.28948757271156,
                4.787124213055389
              ],
              [
                -74.2890571272589,
                4.787634596044409
              ],
              [
                -74.28857128038152,
                4.787226650204515
              ],
              [
                -74.28878616956486,
                4.78697011833076
              ],
              [
                -74.2888312465145,
                4.787006444707125
              ],
              [
                -74.28904601698329,
                4.786752800662985
              ],
              [
                -74.28948757271156,
                4.787124213055389
              ]
            ]
          ]
        ]
      }
    },
    {
      "type": "Feature",
      "properties": {
        "id": 28,
        "NAVES": null,
        "AREA": 0.54514441056652,
        "etiqueta": "BLOQUE 28\n0.545 Ha",
        "categoria": "BLOQUES-FU"
      },
      "geometry": {
        "type": "MultiPolygon",
        "coordinates": [
          [
            [
              [
                -74.2890162432983,
                4.787682727971285
              ],
              [
                -74.28858554524957,
                4.788194260910037
              ],
              [
                -74.2880550336504,
                4.787748315490745
              ],
              [
                -74.28827215289283,
                4.787491941949967
              ],
              [
                -74.28831587996062,
                4.787528033409873
              ],
              [
                -74.28853113742058,
                4.787273362599707
              ],
              [
                -74.2890162432983,
                4.787682727971285
              ]
            ]
          ]
        ]
      }
    },
    {
      "type": "Feature",
      "properties": {
        "id": 91,
        "NAVES": 20,
        "AREA": 0.866130848185904,
        "CC": ".",
        "etiqueta": "BLOQUE 91\n20 NAVES\n0.866 Ha",
        "categoria": "BLOQUES-PROPAGACION"
      },
      "geometry": {
        "type": "MultiPolygon",
        "coordinates": [
          [
            [
              [
                -74.28183448353231,
                4.785166133278641
              ],
              [
                -74.281527099836,
                4.785472623417694
              ],
              [
                -74.28070967365755,
                4.784657520488121
              ],
              [
                -74.28118200802348,
                4.784183041584808
              ],
              [
                -74.28167382193757,
                4.784671281269877
              ],
              [
                -74.28175156141893,
                4.785084104722476
              ],
              [
                -74.28183448353231,
                4.785166133278641
              ]
            ]
          ]
        ]
      }
    },
    {
      "type": "Feature",
      "properties": {
        "id": 90,
        "NAVES": 17,
        "AREA": 0.797421356482804,
        "CC": ".",
        "etiqueta": "BLOQUE 90\n17 NAVES\n0.797 Ha",
        "categoria": "BLOQUES-PROPAGACION"
      },
      "geometry": {
        "type": "MultiPolygon",
        "coordinates": [
          [
            [
              [
                -74.282742695128,
                4.785740690594702
              ],
              [
                -74.28227125431937,
                4.786216241766724
              ],
              [
                -74.28158017713706,
                4.785524628450029
              ],
              [
                -74.28199478770414,
                4.785105728808084
              ],
              [
                -74.28203624876085,
                4.785144330481574
              ],
              [
                -74.28208986219626,
                4.785088572508755
              ],
              [
                -74.282742695128,
                4.785740690594702
              ]
            ]
          ]
        ]
      }
    },
    {
      "type": "Feature",
      "properties": {
        "id": 87,
        "NAVES": 15,
        "AREA": 0.550616637479141,
        "CC": ".",
        "etiqueta": "BLOQUE 87\n15 NAVES\n0.551 Ha",
        "categoria": "BLOQUES-PROPAGACION"
      },
      "geometry": {
        "type": "MultiPolygon",
        "coordinates": [
          [
            [
              [
                -74.28217287366533,
                4.785086785394233
              ],
              [
                -74.28253574726727,
                4.784719175938822
              ],
              [
                -74.28315230177446,
                4.785334300754343
              ],
              [
                -74.2827877304137,
                4.785699408249434
              ],
              [
                -74.28217287366533,
                4.785086785394233
              ]
            ]
          ]
        ]
      }
    },
    {
      "type": "Feature",
      "properties": {
        "id": 31,
        "NAVES": 26,
        "AREA": 0.598107306052232,
        "etiqueta": "BLOQUE 31\n26 NAVES\n0.598 Ha",
        "categoria": "BLOQUES-INV"
      },
      "geometry": {
        "type": "MultiPolygon",
        "coordinates": [
          [
            [
              [
                -74.28854795126436,
                4.788238055162653
              ],
              [
                -74.28811410499593,
                4.788752205088644
              ],
              [
                -74.2875382380156,
                4.788268079675554
              ],
              [
                -74.2877558760192,
                4.788008820389528
              ],
              [
                -74.28780655231347,
                4.78804789991426
              ],
              [
                -74.28801910680164,
                4.787788005188811
              ],
              [
                -74.28854795126436,
                4.788238055162653
              ]
            ]
          ]
        ]
      }
    }
  ]
}